ca_index,d_p_A,crystallinity,frac_a,frac_c,frac_384,phase,domain,axial_A,shell_bfac
0,12.028,0.1625,0.2500,0.0000,0.2500,intermediate,0,44.368,20.0
1,9.734,0.1406,0.1875,0.0000,0.2500,intermediate,0,43.812,10.0
2,12.462,0.1733,0.2667,0.0000,0.2667,intermediate,0,46.555,20.0
3,10.850,0.0240,0.0000,0.0000,0.0800,amorphous,0,37.265,20.0
4,11.026,0.0565,0.0870,0.0000,0.0870,amorphous,0,35.185,20.0
5,7.193,0.0722,0.1111,0.0000,0.1111,amorphous,0,37.758,10.0
6,10.280,0.1895,0.3158,0.0000,0.2632,intermediate,0,47.046,20.0
7,7.531,0.1795,0.3182,0.0000,0.2273,intermediate,0,44.141,10.0
8,8.576,0.0783,0.1000,0.0667,0.0667,amorphous,0,32.785,10.0
9,12.496,0.1125,0.1500,0.0000,0.2000,intermediate,0,33.784,20.0
10,8.553,0.0464,0.0714,0.0000,0.0714,amorphous,0,33.709,10.0
11,10.324,0.0571,0.0714,0.0000,0.1071,amorphous,0,32.749,10.0
12,12.009,0.0591,0.0909,0.0000,0.0909,amorphous,0,34.396,20.0
13,7.503,0.0703,0.0938,0.0000,0.1250,amorphous,0,40.068,10.0
14,8.132,0.1960,0.3200,0.0000,0.2800,intermediate,0,46.256,10.0
15,9.377,0.0481,0.0741,0.0000,0.0741,amorphous,0,32.461,10.0
16,5.742,0.0250,0.0000,0.0000,0.0833,amorphous,0,36.994,6.0
17,11.292,0.1500,0.1364,0.1364,0.1818,intermediate,0,40.264,20.0
18,8.976,0.0885,0.0769,0.0769,0.1154,amorphous,0,33.314,10.0
19,12.234,0.0975,0.1500,0.0000,0.1500,intermediate,0,32.426,20.0
20,11.867,0.1571,0.1905,0.0952,0.1905,intermediate,0,32.963,20.0
21,8.750,0.0635,0.1154,0.0000,0.0769,amorphous,0,31.126,10.0
22,12.470,0.2031,0.3125,0.0000,0.3125,intermediate,0,49.258,20.0
23,8.816,0.1121,0.1724,0.0000,0.1724,intermediate,0,43.173,10.0
24,8.083,0.1300,0.2000,0.0000,0.2000,intermediate,0,43.751,10.0
25,9.467,0.1067,0.1333,0.0000,0.2000,intermediate,0,41.397,10.0
26,3.384,0.0938,0.1250,0.0000,0.1667,intermediate,0,38.690,6.0
27,8.534,0.0821,0.0714,0.0714,0.1071,amorphous,0,33.383,10.0
28,10.369,0.0481,0.0741,0.0000,0.0741,amorphous,0,33.554,20.0
29,6.001,0.0736,0.0833,0.0556,0.0833,amorphous,0,29.323,6.0
30,4.785,0.0819,0.1389,0.0000,0.1111,amorphous,0,40.250,6.0
31,12.644,0.1219,0.1875,0.0000,0.1875,intermediate,0,30.987,20.0
32,5.160,0.0486,0.0571,0.0571,0.0286,amorphous,0,30.130,6.0
33,4.692,0.0219,0.0625,0.0000,0.0000,amorphous,0,28.769,6.0
34,6.583,0.0922,0.0938,0.0625,0.1250,amorphous,0,33.807,10.0
35,10.023,0.0886,0.1364,0.0000,0.1364,intermediate,0,34.362,10.0
36,12.172,0.1045,0.0909,0.0909,0.1364,amorphous,0,34.095,20.0
37,8.626,0.0515,0.0882,0.0588,0.0000,amorphous,0,28.816,10.0
38,12.172,0.2105,0.2105,0.2105,0.2105,intermediate,0,41.583,20.0
39,2.992,0.1017,0.1724,0.0000,0.1379,intermediate,0,41.121,6.0
40,8.398,0.1553,0.2632,0.0000,0.2105,intermediate,0,46.771,10.0
41,9.907,0.1222,0.2222,0.0000,0.1481,intermediate,0,29.790,10.0
42,7.883,0.0226,0.0000,0.0645,0.0000,amorphous,0,29.808,10.0
43,11.855,0.1219,0.1875,0.0000,0.1875,intermediate,0,49.462,20.0
44,11.807,0.0975,0.1500,0.0000,0.1500,intermediate,0,45.466,20.0
45,5.906,0.0261,0.0000,0.0000,0.0870,amorphous,0,32.631,6.0
46,3.499,0.0550,0.1000,0.0000,0.0667,amorphous,0,35.887,6.0
47,9.243,0.0821,0.1429,0.0000,0.1071,amorphous,0,31.996,10.0
48,4.438,0.0646,0.0732,0.0488,0.0732,amorphous,0,27.376,6.0
49,4.788,0.0488,0.0750,0.0000,0.0750,amorphous,0,27.256,6.0
50,9.149,0.0000,0.0000,0.0000,0.0000,amorphous,0,28.960,10.0
51,10.241,0.1720,0.2000,0.1200,0.2000,intermediate,0,41.924,20.0
52,7.459,0.0897,0.1379,0.0000,0.1379,intermediate,0,41.987,10.0
53,5.539,0.0857,0.1143,0.0571,0.0857,amorphous,0,27.082,6.0
54,5.255,0.0650,0.1000,0.0000,0.1000,amorphous,0,26.224,6.0
55,8.933,0.0981,0.1852,0.0000,0.1111,amorphous,0,29.746,10.0
56,4.107,0.0485,0.0606,0.0000,0.0909,amorphous,0,28.564,6.0
57,12.517,0.2125,0.3500,0.0000,0.3000,intermediate,0,30.282,20.0
58,8.970,0.2000,0.3077,0.0000,0.3077,intermediate,0,44.200,10.0
59,7.599,0.0750,0.1154,0.0000,0.1154,amorphous,0,32.556,10.0
60,12.594,0.0825,0.1500,0.0000,0.1000,amorphous,0,31.701,20.0
61,10.946,0.1417,0.1667,0.0000,0.2778,intermediate,0,48.970,20.0
62,9.484,0.1481,0.1852,0.1111,0.1481,intermediate,0,35.210,10.0
63,8.446,0.0922,0.1562,0.0000,0.1250,intermediate,0,26.911,10.0
64,12.492,0.0848,0.1304,0.0000,0.1304,intermediate,0,27.649,20.0
65,10.382,0.1152,0.2174,0.0000,0.1304,intermediate,0,29.907,20.0
66,7.476,0.0000,0.0000,0.0000,0.0000,amorphous,0,28.989,10.0
67,9.553,0.2107,0.3571,0.0000,0.2857,intermediate,0,46.408,10.0
68,9.466,0.0481,0.0741,0.0000,0.0741,amorphous,0,25.925,10.0
69,12.394,0.0619,0.0952,0.0000,0.0952,amorphous,0,28.487,20.0
70,7.251,0.0812,0.1250,0.0000,0.1250,intermediate,0,37.390,10.0
71,5.140,0.0886,0.1364,0.0000,0.1364,intermediate,0,40.779,6.0
72,6.249,0.0639,0.1111,0.0000,0.0833,amorphous,0,26.785,10.0
73,8.827,0.0350,0.1000,0.0000,0.0000,amorphous,0,26.847,10.0
74,12.047,0.0591,0.0909,0.0000,0.0909,amorphous,0,26.320,20.0
75,8.357,0.0591,0.0909,0.0000,0.0909,amorphous,0,24.975,10.0
76,6.380,0.1453,0.1875,0.0938,0.1562,intermediate,0,39.028,6.0
77,8.196,0.0843,0.1429,0.0000,0.1143,amorphous,0,28.390,10.0
78,2.257,0.0734,0.0938,0.0625,0.0625,amorphous,0,35.948,6.0
79,8.279,0.0885,0.1538,0.0000,0.1154,amorphous,0,31.093,10.0
80,7.920,0.0870,0.1111,0.0741,0.0741,amorphous,0,41.958,10.0
81,11.648,0.0643,0.1429,0.0000,0.0476,amorphous,0,32.843,20.0
82,5.091,0.0588,0.0588,0.0588,0.0588,amorphous,0,23.267,6.0
83,3.817,0.0574,0.0882,0.0000,0.0882,amorphous,0,28.528,6.0
84,3.116,0.0233,0.0667,0.0000,0.0000,amorphous,0,23.920,6.0
85,12.463,0.2194,0.2778,0.1111,0.2778,intermediate,0,43.267,20.0
86,10.906,0.1738,0.2381,0.0952,0.1905,intermediate,0,36.565,20.0
87,12.528,0.1833,0.3333,0.0000,0.2222,intermediate,0,27.199,20.0
88,8.944,0.1286,0.2143,0.0000,0.1786,intermediate,0,26.837,10.0
89,5.291,0.0432,0.0541,0.0000,0.0811,amorphous,0,23.802,6.0
90,7.713,0.0793,0.1379,0.0000,0.1034,amorphous,0,32.963,10.0
91,5.544,0.0000,0.0000,0.0000,0.0000,amorphous,0,28.652,6.0
92,6.153,0.0000,0.0000,0.0000,0.0000,amorphous,0,31.512,6.0
93,6.653,0.0609,0.0938,0.0000,0.0938,amorphous,0,25.698,10.0
94,7.702,0.0868,0.1053,0.0526,0.1053,amorphous,0,41.832,10.0
95,12.575,0.0786,0.1429,0.0000,0.0952,amorphous,0,28.124,20.0
96,9.406,0.0767,0.1333,0.0000,0.1000,amorphous,0,23.894,10.0
97,4.442,0.0639,0.1111,0.0000,0.0833,amorphous,0,33.636,6.0
98,3.912,0.0219,0.0625,0.0000,0.0000,amorphous,0,24.353,6.0
99,5.779,0.0280,0.0800,0.0000,0.0000,amorphous,0,35.819,6.0
100,10.328,0.0750,0.1154,0.0000,0.1154,amorphous,0,27.932,20.0
101,4.542,0.0697,0.1316,0.0000,0.0789,amorphous,0,26.619,6.0
102,8.966,0.1344,0.1875,0.0625,0.1562,intermediate,0,36.911,10.0
103,9.704,0.0783,0.1000,0.0667,0.0667,amorphous,0,25.866,10.0
104,6.749,0.0000,0.0000,0.0000,0.0000,amorphous,0,27.786,10.0
105,6.523,0.1161,0.1935,0.0000,0.1613,intermediate,0,23.889,10.0
106,12.318,0.0886,0.1364,0.0000,0.1364,intermediate,0,27.366,20.0
107,3.809,0.0000,0.0000,0.0000,0.0000,amorphous,0,22.656,6.0
108,10.540,0.0433,0.0667,0.0000,0.0667,amorphous,0,22.605,10.0
109,12.052,0.1180,0.2000,0.0000,0.1600,intermediate,0,24.355,20.0
110,4.687,0.0400,0.1143,0.0000,0.0000,amorphous,0,21.409,6.0
111,5.060,0.0200,0.0571,0.0000,0.0000,amorphous,0,21.415,10.0
112,12.024,0.1395,0.2632,0.0000,0.1579,intermediate,0,43.249,20.0
113,2.880,0.0500,0.0625,0.0000,0.0938,amorphous,0,26.910,6.0
114,6.243,0.0486,0.0833,0.0556,0.0000,amorphous,0,22.586,6.0
115,11.126,0.1000,0.1739,0.0000,0.1304,intermediate,0,43.222,20.0
116,6.249,0.0000,0.0000,0.0000,0.0000,amorphous,0,21.442,6.0
117,4.821,0.0446,0.0811,0.0000,0.0541,amorphous,0,22.839,6.0
118,11.455,0.0717,0.1304,0.0000,0.0870,amorphous,0,31.382,20.0
119,8.003,0.0433,0.0667,0.0000,0.0667,amorphous,0,25.500,10.0
120,2.871,0.0569,0.1034,0.0000,0.0690,amorphous,0,29.145,6.0
121,8.565,0.0200,0.0000,0.0571,0.0000,amorphous,0,20.134,10.0
122,8.392,0.0351,0.0541,0.0000,0.0541,amorphous,0,21.439,10.0
123,3.962,0.0233,0.0000,0.0667,0.0000,amorphous,0,19.560,6.0
124,11.745,0.0464,0.0714,0.0000,0.0714,amorphous,0,22.826,20.0
125,4.186,0.0548,0.0952,0.0000,0.0714,amorphous,0,20.768,6.0
126,10.136,0.0448,0.0690,0.0000,0.0690,amorphous,0,20.528,10.0
127,9.494,0.0565,0.0870,0.0000,0.0870,amorphous,0,31.908,10.0
128,4.715,0.0406,0.0625,0.0000,0.0625,amorphous,0,20.754,6.0
129,6.226,0.0557,0.0857,0.0000,0.0857,amorphous,0,23.153,6.0
130,11.959,0.1150,0.2000,0.0000,0.1500,intermediate,0,27.130,20.0
131,7.855,0.0241,0.0690,0.0000,0.0000,amorphous,0,23.000,10.0
132,7.366,0.0971,0.1765,0.0000,0.1176,amorphous,0,34.029,10.0
133,7.692,0.0591,0.0909,0.0000,0.0909,amorphous,0,36.856,10.0
134,6.212,0.0184,0.0526,0.0000,0.0000,amorphous,0,19.188,10.0
135,11.805,0.0750,0.1364,0.0000,0.0909,amorphous,0,20.985,20.0
136,8.391,0.0650,0.1000,0.0000,0.1000,amorphous,0,27.747,10.0
137,11.787,0.1083,0.1667,0.0000,0.1667,intermediate,0,31.356,20.0
138,7.896,0.0619,0.0952,0.0000,0.0952,amorphous,0,31.227,10.0
139,5.228,0.0000,0.0000,0.0000,0.0000,amorphous,0,29.229,6.0
140,12.143,0.1205,0.2273,0.0000,0.1364,intermediate,0,38.304,20.0
141,6.207,0.0359,0.1026,0.0000,0.0000,amorphous,0,22.493,6.0
142,5.827,0.1059,0.1765,0.0000,0.1471,intermediate,0,30.637,6.0
143,8.942,0.0500,0.0769,0.0000,0.0769,amorphous,0,29.364,10.0
144,7.953,0.0952,0.1613,0.0000,0.1290,intermediate,0,20.998,10.0
145,5.256,0.0000,0.0000,0.0000,0.0000,amorphous,0,20.501,6.0
146,9.060,0.0929,0.1429,0.0000,0.1429,intermediate,0,24.633,10.0
147,5.620,0.0412,0.1176,0.0000,0.0000,amorphous,0,27.403,6.0
148,12.423,0.0750,0.1364,0.0000,0.0909,amorphous,0,26.706,20.0
149,11.440,0.0833,0.1667,0.0000,0.0833,amorphous,0,22.345,20.0
150,7.393,0.0569,0.1034,0.0000,0.0690,amorphous,0,34.823,10.0
151,6.194,0.0194,0.0556,0.0000,0.0000,amorphous,0,17.625,10.0
152,7.914,0.0956,0.1471,0.0000,0.1471,intermediate,0,21.926,10.0
153,9.879,0.1460,0.2000,0.0800,0.1600,intermediate,0,23.922,10.0
154,4.186,0.0000,0.0000,0.0000,0.0000,amorphous,0,21.763,6.0
155,4.375,0.0000,0.0000,0.0000,0.0000,amorphous,0,18.026,6.0
156,7.038,0.0000,0.0000,0.0000,0.0000,amorphous,0,25.848,10.0
157,4.783,0.0703,0.1081,0.0000,0.1081,amorphous,0,23.418,6.0
158,12.276,0.0917,0.1667,0.0000,0.1111,amorphous,0,31.388,20.0
159,11.677,0.0780,0.1200,0.0000,0.1200,intermediate,0,21.400,20.0
160,10.631,0.1375,0.2500,0.0000,0.1667,intermediate,0,32.404,20.0
161,5.919,0.0000,0.0000,0.0000,0.0000,amorphous,0,20.966,10.0
162,5.812,0.0000,0.0000,0.0000,0.0000,amorphous,0,17.084,6.0
163,2.394,0.0419,0.0645,0.0000,0.0645,amorphous,0,28.440,6.0
164,12.400,0.1147,0.1765,0.0000,0.1765,intermediate,0,28.877,20.0
165,6.684,0.0458,0.0833,0.0000,0.0556,amorphous,0,18.296,10.0
166,3.909,0.0471,0.0588,0.0000,0.0882,amorphous,0,26.406,6.0
167,8.926,0.0394,0.0606,0.0000,0.0606,amorphous,0,20.082,10.0
168,10.826,0.0750,0.1364,0.0000,0.0909,amorphous,0,38.147,20.0
169,6.139,0.0419,0.0645,0.0000,0.0645,amorphous,0,20.789,10.0
170,8.992,0.0952,0.1613,0.0000,0.1290,intermediate,0,23.556,10.0
171,2.711,0.0382,0.0000,0.0588,0.0588,amorphous,0,17.617,6.0
172,9.958,0.0767,0.1333,0.0000,0.1000,amorphous,0,18.963,20.0
173,10.879,0.0717,0.1304,0.0000,0.0870,amorphous,0,18.862,20.0
174,5.518,0.0000,0.0000,0.0000,0.0000,amorphous,0,22.556,6.0
175,8.126,0.0765,0.1176,0.0000,0.1176,amorphous,0,25.518,10.0
176,9.256,0.0793,0.1379,0.0000,0.1034,amorphous,0,25.797,10.0
177,8.928,0.0433,0.0667,0.0000,0.0667,amorphous,0,19.143,10.0
178,2.839,0.0000,0.0000,0.0000,0.0000,amorphous,0,17.015,6.0
179,4.820,0.0200,0.0000,0.0571,0.0000,amorphous,0,19.540,6.0
180,5.375,0.0000,0.0000,0.0000,0.0000,amorphous,0,26.580,6.0
181,6.140,0.0541,0.0541,0.0541,0.0541,amorphous,0,16.617,6.0
182,7.637,0.0419,0.0645,0.0000,0.0645,amorphous,0,29.949,10.0
183,9.019,0.0485,0.0606,0.0000,0.0909,amorphous,0,19.230,10.0
184,4.503,0.0350,0.1000,0.0000,0.0000,amorphous,0,23.462,6.0
185,9.913,0.0433,0.0667,0.0000,0.0667,amorphous,0,21.275,10.0
186,2.973,0.0419,0.0645,0.0000,0.0645,amorphous,0,25.143,6.0
187,10.199,0.0741,0.1481,0.0000,0.0741,amorphous,0,17.190,20.0
188,4.398,0.0590,0.1026,0.0000,0.0769,amorphous,0,16.437,6.0
189,6.702,0.0000,0.0000,0.0000,0.0000,amorphous,0,15.186,10.0
190,4.492,0.0276,0.0789,0.0000,0.0000,amorphous,0,15.216,6.0
191,7.189,0.0000,0.0000,0.0000,0.0000,amorphous,0,18.437,10.0
192,12.519,0.1806,0.2778,0.0000,0.2778,intermediate,0,23.142,20.0
193,9.031,0.0767,0.1333,0.0000,0.1000,amorphous,0,17.726,10.0
194,9.375,0.0609,0.0938,0.0000,0.0938,amorphous,0,17.203,10.0
195,2.906,0.0212,0.0606,0.0000,0.0000,amorphous,0,24.658,6.0
196,11.367,0.0591,0.0909,0.0000,0.0909,amorphous,0,28.250,20.0
197,1.880,0.0226,0.0645,0.0000,0.0000,amorphous,0,14.175,6.0
198,10.709,0.1154,0.1538,0.0769,0.1154,amorphous,0,17.108,20.0
199,11.300,0.1026,0.1579,0.0000,0.1579,intermediate,0,34.897,20.0
200,5.292,0.0722,0.1111,0.0000,0.1111,amorphous,0,30.728,6.0
201,12.656,0.1150,0.2000,0.0000,0.1500,intermediate,0,18.052,20.0
202,12.635,0.1300,0.2000,0.0000,0.2000,intermediate,0,25.167,20.0
203,10.363,0.1040,0.1600,0.0000,0.1600,intermediate,0,22.950,10.0
204,10.695,0.1283,0.2174,0.0000,0.1739,intermediate,0,22.620,20.0
205,5.527,0.0574,0.0882,0.0000,0.0882,amorphous,0,25.005,6.0
206,3.838,0.0000,0.0000,0.0000,0.0000,amorphous,0,16.527,6.0
207,3.169,0.0000,0.0000,0.0000,0.0000,amorphous,0,21.032,6.0
208,6.517,0.0848,0.1304,0.0000,0.1304,intermediate,0,32.167,10.0
209,5.091,0.0657,0.1143,0.0000,0.0857,amorphous,0,14.246,6.0
210,4.375,0.0382,0.0588,0.0000,0.0588,amorphous,0,20.698,6.0
211,7.185,0.0717,0.1304,0.0000,0.0870,amorphous,0,30.498,10.0
212,5.427,0.0382,0.0588,0.0000,0.0588,amorphous,0,26.591,6.0
213,8.013,0.0736,0.1389,0.0000,0.0833,amorphous,0,15.574,10.0
214,12.240,0.0786,0.1429,0.0000,0.0952,amorphous,0,16.964,20.0
215,12.505,0.1714,0.2857,0.0000,0.2381,intermediate,0,32.382,20.0
216,7.488,0.0803,0.0909,0.0606,0.0909,amorphous,0,29.522,10.0
217,8.034,0.0722,0.1111,0.0000,0.1111,amorphous,0,33.666,6.0
218,10.243,0.0983,0.1667,0.0000,0.1333,intermediate,0,16.718,10.0
219,3.330,0.0342,0.0526,0.0000,0.0526,amorphous,0,16.190,6.0
220,8.614,0.0520,0.0800,0.0000,0.0800,amorphous,0,29.804,10.0
221,7.270,0.0855,0.1613,0.0000,0.0968,amorphous,0,14.996,10.0
222,7.210,0.0645,0.0645,0.0645,0.0645,amorphous,0,19.106,10.0
223,4.338,0.0000,0.0000,0.0000,0.0000,amorphous,0,19.191,6.0
224,4.110,0.0000,0.0000,0.0000,0.0000,amorphous,0,13.024,6.0
225,7.604,0.0419,0.0645,0.0000,0.0645,amorphous,0,23.214,10.0
226,10.795,0.0958,0.1667,0.0000,0.1250,intermediate,0,25.850,20.0
227,7.712,0.0318,0.0909,0.0000,0.0000,amorphous,0,14.077,10.0
228,5.411,0.0000,0.0000,0.0000,0.0000,amorphous,0,23.204,6.0
229,12.143,0.1278,0.2222,0.0000,0.1667,intermediate,0,33.211,20.0
230,8.971,0.1250,0.1923,0.0000,0.1923,intermediate,0,26.859,10.0
231,4.169,0.0000,0.0000,0.0000,0.0000,amorphous,0,15.927,6.0
232,5.550,0.1039,0.1316,0.0526,0.1316,intermediate,0,24.021,6.0
233,12.459,0.1211,0.2105,0.0000,0.1579,intermediate,0,19.996,20.0
234,4.652,0.0000,0.0000,0.0000,0.0000,amorphous,0,15.363,6.0
235,12.444,0.1306,0.1667,0.1111,0.1111,amorphous,0,15.926,20.0
236,2.823,0.0557,0.0857,0.0000,0.0857,amorphous,0,28.293,6.0
237,11.837,0.0722,0.1111,0.0000,0.1111,amorphous,0,18.217,20.0
238,6.994,0.0571,0.0571,0.0571,0.0571,amorphous,0,17.560,10.0
239,7.014,0.0788,0.1212,0.0000,0.1212,intermediate,0,17.487,10.0
240,6.446,0.0917,0.0833,0.0833,0.1111,amorphous,0,20.082,10.0
241,3.098,0.0000,0.0000,0.0000,0.0000,amorphous,0,15.465,6.0
242,8.970,0.1000,0.1538,0.0000,0.1538,intermediate,0,19.490,10.0
243,9.254,0.1278,0.2222,0.0000,0.1667,intermediate,0,33.180,10.0
244,5.502,0.0697,0.0789,0.0526,0.0789,amorphous,0,12.707,6.0
245,4.708,0.0527,0.0811,0.0000,0.0811,amorphous,0,16.729,6.0
246,3.770,0.0458,0.0833,0.0000,0.0556,amorphous,0,12.407,6.0
247,2.503,0.0805,0.1463,0.0000,0.0976,amorphous,0,25.622,6.0
248,12.333,0.1211,0.2105,0.0000,0.1579,intermediate,0,16.684,20.0
249,6.661,0.0839,0.1290,0.0000,0.1290,intermediate,0,14.240,10.0
250,2.551,0.0575,0.1000,0.0000,0.0750,amorphous,0,12.285,6.0
251,7.176,0.0000,0.0000,0.0000,0.0000,amorphous,0,12.288,10.0
252,3.697,0.0471,0.0857,0.0000,0.0571,amorphous,0,13.307,6.0
253,3.237,0.0619,0.0952,0.0000,0.0952,amorphous,0,24.791,6.0
254,8.131,0.0434,0.0789,0.0000,0.0526,amorphous,0,18.375,10.0
255,4.211,0.0000,0.0000,0.0000,0.0000,amorphous,0,11.313,6.0
256,7.895,0.0793,0.1379,0.0000,0.1034,amorphous,0,27.300,10.0
257,3.308,0.0743,0.1143,0.0000,0.1143,amorphous,0,28.659,6.0
258,6.562,0.0471,0.0588,0.0000,0.0882,amorphous,0,13.467,10.0
259,10.582,0.0481,0.0741,0.0000,0.0741,amorphous,0,19.899,20.0
260,11.904,0.0560,0.0800,0.0800,0.0000,amorphous,0,19.370,20.0
261,8.933,0.1320,0.2400,0.0000,0.1600,intermediate,0,13.674,10.0
262,4.183,0.0513,0.0789,0.0000,0.0789,amorphous,0,17.630,6.0
263,3.243,0.0444,0.0556,0.0000,0.0833,amorphous,0,20.924,6.0
264,4.979,0.0788,0.1212,0.0000,0.1212,intermediate,0,19.222,6.0
265,11.508,0.0750,0.1364,0.0000,0.0909,amorphous,0,27.955,20.0
266,4.137,0.0464,0.0000,0.0714,0.0714,amorphous,0,12.580,6.0
267,7.967,0.0758,0.0968,0.0645,0.0645,amorphous,0,14.045,10.0
268,11.153,0.1800,0.3000,0.0000,0.2500,intermediate,0,14.967,20.0
269,8.228,0.1177,0.1613,0.0645,0.1290,intermediate,0,24.526,10.0
270,12.419,0.0350,0.0000,0.1000,0.0000,amorphous,0,16.189,20.0
271,12.373,0.0975,0.1500,0.0000,0.1500,intermediate,0,14.125,20.0
272,9.552,0.0467,0.0667,0.0667,0.0000,amorphous,0,17.168,10.0
273,7.891,0.0650,0.1000,0.0000,0.1000,amorphous,0,14.613,10.0
274,5.327,0.0812,0.1250,0.0000,0.1250,intermediate,0,18.917,6.0
275,5.952,0.0432,0.0541,0.0000,0.0811,amorphous,0,23.684,10.0
276,9.029,0.0867,0.1333,0.0000,0.1333,intermediate,0,20.137,10.0
277,12.003,0.1559,0.1765,0.1176,0.1765,intermediate,0,13.878,20.0
278,11.234,0.0848,0.1304,0.0000,0.1304,intermediate,0,29.413,20.0
279,9.385,0.1368,0.2105,0.0000,0.2105,intermediate,0,31.566,10.0
280,2.785,0.0776,0.1034,0.0000,0.1379,amorphous,0,9.247,6.0
281,5.312,0.0720,0.1220,0.0000,0.0976,amorphous,0,22.387,6.0
282,8.883,0.1135,0.1923,0.0000,0.1538,intermediate,0,11.527,10.0
283,8.848,0.0742,0.1290,0.0000,0.0968,amorphous,0,13.064,10.0
284,5.935,0.0433,0.0667,0.0000,0.0667,amorphous,0,14.633,6.0
285,10.947,0.0812,0.1250,0.0000,0.1250,intermediate,0,30.069,20.0
286,11.288,0.0963,0.1481,0.0000,0.1481,intermediate,0,20.227,20.0
287,6.570,0.1065,0.1935,0.0000,0.1290,intermediate,0,25.478,10.0
288,7.240,0.0000,0.0000,0.0000,0.0000,amorphous,0,9.253,10.0
289,7.968,0.1320,0.2400,0.0000,0.1600,intermediate,0,29.840,10.0
290,8.436,0.0946,0.1786,0.0000,0.1071,amorphous,0,11.055,10.0
291,8.299,0.0000,0.0000,0.0000,0.0000,amorphous,0,12.762,10.0
292,12.285,0.1023,0.1364,0.0000,0.1818,intermediate,0,18.553,20.0
293,3.631,0.0433,0.0667,0.0000,0.0667,amorphous,0,12.195,6.0
294,5.796,0.0207,0.0000,0.0000,0.0690,amorphous,0,11.842,6.0
295,5.152,0.0265,0.0000,0.0000,0.0882,amorphous,0,21.222,6.0
296,5.963,0.1118,0.1842,0.0000,0.1579,intermediate,0,10.964,10.0
297,12.139,0.0929,0.1429,0.0000,0.1429,intermediate,0,26.875,20.0
298,7.921,0.0906,0.1250,0.0000,0.1562,intermediate,0,23.445,10.0
299,6.703,0.0421,0.0526,0.0000,0.0789,amorphous,0,19.480,10.0
300,8.538,0.0722,0.1111,0.0000,0.1111,amorphous,0,9.960,10.0
301,10.052,0.0722,0.1111,0.0000,0.1111,amorphous,0,26.744,10.0
302,12.148,0.1147,0.1765,0.0000,0.1765,intermediate,0,12.075,20.0
303,6.983,0.0500,0.0909,0.0000,0.0606,amorphous,0,14.674,10.0
304,12.264,0.1045,0.1818,0.0000,0.1364,intermediate,0,21.156,20.0
305,6.835,0.0350,0.1000,0.0000,0.0000,amorphous,0,13.450,10.0
306,6.071,0.1121,0.1724,0.0000,0.1724,intermediate,0,29.159,10.0
307,3.808,0.0682,0.0909,0.0000,0.1212,amorphous,0,9.001,6.0
308,7.850,0.0839,0.1290,0.0000,0.1290,intermediate,0,14.216,10.0
309,7.248,0.0000,0.0000,0.0000,0.0000,amorphous,0,8.051,10.0
310,11.925,0.1611,0.2222,0.0000,0.2778,intermediate,0,14.171,20.0
311,4.124,0.0825,0.1500,0.0000,0.1000,amorphous,0,25.377,6.0
312,3.212,0.1638,0.2750,0.0000,0.2250,intermediate,0,10.436,6.0
313,2.472,0.0845,0.1190,0.0000,0.1429,amorphous,0,24.495,6.0
314,8.163,0.1034,0.1379,0.0690,0.1034,amorphous,0,23.686,10.0
315,6.886,0.0269,0.0000,0.0769,0.0000,amorphous,0,9.147,10.0
316,9.765,0.1806,0.2778,0.0000,0.2778,intermediate,0,32.627,10.0
317,12.366,0.0868,0.1579,0.0000,0.1053,amorphous,0,24.629,20.0
318,7.686,0.0660,0.1200,0.0000,0.0800,amorphous,0,7.888,10.0
319,11.728,0.1895,0.3158,0.0000,0.2632,intermediate,0,11.993,20.0
320,7.165,0.0726,0.0968,0.0000,0.1290,amorphous,0,10.345,10.0
321,8.053,0.0635,0.1154,0.0000,0.0769,amorphous,0,9.850,10.0
322,8.282,0.0848,0.1304,0.0000,0.1304,intermediate,0,27.717,10.0
323,9.132,0.0464,0.0714,0.0000,0.0714,amorphous,0,11.315,10.0
324,7.075,0.0635,0.1154,0.0000,0.0769,amorphous,0,9.268,10.0
325,12.181,0.0565,0.0870,0.0000,0.0870,amorphous,0,17.528,20.0
326,11.953,0.0848,0.1304,0.0000,0.1304,intermediate,0,10.909,20.0
327,3.123,0.0639,0.1111,0.0000,0.0833,amorphous,0,15.904,6.0
328,8.655,0.1074,0.1176,0.0882,0.1176,amorphous,0,15.405,10.0
329,11.548,0.0591,0.0909,0.0000,0.0909,amorphous,0,13.690,20.0
330,10.881,0.1650,0.3000,0.0000,0.2000,intermediate,0,30.742,20.0
331,12.325,0.0175,0.0000,0.0500,0.0000,amorphous,0,14.717,20.0
332,4.563,0.0214,0.0000,0.0000,0.0714,amorphous,0,10.103,6.0
333,4.269,0.0394,0.0606,0.0000,0.0606,amorphous,0,14.023,6.0
334,10.148,0.1587,0.2174,0.0870,0.1739,intermediate,0,21.705,20.0
335,8.833,0.1333,0.2222,0.0000,0.1852,intermediate,0,11.538,10.0
336,11.307,0.0750,0.1364,0.0000,0.0909,amorphous,0,10.002,20.0
337,12.514,0.0825,0.1500,0.0000,0.1000,amorphous,0,12.394,20.0
338,8.861,0.2152,0.3913,0.0000,0.2609,intermediate,0,11.159,10.0
339,8.652,0.0589,0.1071,0.0000,0.0714,amorphous,0,12.093,10.0
340,9.455,0.0477,0.1364,0.0000,0.0000,amorphous,0,10.148,10.0
341,7.794,0.1265,0.2353,0.0000,0.1471,intermediate,0,26.267,10.0
342,9.956,0.0865,0.1154,0.0000,0.1538,amorphous,0,15.331,10.0
343,10.823,0.1154,0.1538,0.0769,0.1154,amorphous,0,16.268,20.0
344,5.041,0.0500,0.0909,0.0000,0.0606,amorphous,0,16.632,6.0
345,6.602,0.0433,0.0667,0.0000,0.0667,amorphous,0,16.350,10.0
346,8.144,0.0743,0.1143,0.0000,0.1143,amorphous,0,18.647,10.0
347,3.654,0.0214,0.0000,0.0000,0.0714,amorphous,0,8.884,6.0
348,9.240,0.1054,0.1786,0.0000,0.1429,intermediate,0,15.851,10.0
349,7.846,0.0592,0.0789,0.0000,0.1053,amorphous,0,19.358,10.0
350,11.503,0.0868,0.1579,0.0000,0.1053,amorphous,0,9.343,20.0
351,9.506,0.0717,0.1304,0.0000,0.0870,amorphous,0,8.635,10.0
352,1.386,0.1650,0.1667,0.1333,0.2000,intermediate,0,7.407,6.0
353,3.030,0.0351,0.0541,0.0000,0.0541,amorphous,0,10.177,6.0
354,10.367,0.1500,0.1667,0.0833,0.2083,intermediate,0,19.968,20.0
355,9.514,0.0742,0.1290,0.0000,0.0968,amorphous,0,14.653,10.0
356,9.781,0.1375,0.2500,0.0000,0.1667,intermediate,0,30.397,10.0
357,11.970,0.1659,0.2273,0.0909,0.1818,intermediate,0,19.571,20.0
358,9.640,0.0684,0.1053,0.0000,0.1053,amorphous,0,7.519,10.0
359,8.743,0.0464,0.0714,0.0000,0.0714,amorphous,0,12.040,10.0
360,6.565,0.0852,0.0741,0.0741,0.1111,amorphous,0,6.587,10.0
361,8.142,0.0520,0.0800,0.0000,0.0800,amorphous,0,7.399,10.0
362,5.551,0.0464,0.0714,0.0000,0.0714,amorphous,0,10.560,6.0
363,6.423,0.0371,0.0571,0.0000,0.0571,amorphous,0,15.988,10.0
364,5.555,0.1971,0.3429,0.0000,0.2571,intermediate,0,8.575,6.0
365,6.218,0.0978,0.1304,0.0000,0.1739,intermediate,0,5.638,6.0
366,7.281,0.1479,0.2083,0.0000,0.2500,intermediate,0,7.167,10.0
367,8.533,0.1614,0.2273,0.0000,0.2727,intermediate,0,29.445,10.0
368,6.115,0.0784,0.1081,0.0000,0.1351,amorphous,0,21.638,10.0
369,6.281,0.0878,0.1351,0.0000,0.1351,intermediate,0,20.801,10.0
370,12.625,0.1881,0.2381,0.0952,0.2381,intermediate,0,20.833,20.0
371,6.251,0.0394,0.0606,0.0000,0.0606,amorphous,0,10.296,10.0
372,5.793,0.0433,0.0667,0.0000,0.0667,amorphous,0,8.377,6.0
373,10.110,0.0458,0.0833,0.0000,0.0556,amorphous,0,11.891,20.0
374,12.064,0.0917,0.1667,0.0000,0.1111,amorphous,0,9.184,20.0
375,7.904,0.1371,0.2258,0.0000,0.1935,intermediate,0,24.525,10.0
376,7.063,0.0574,0.0882,0.0000,0.0882,amorphous,0,11.298,10.0
377,6.094,0.0719,0.1250,0.0000,0.0938,amorphous,0,12.225,6.0
378,6.219,0.0547,0.0938,0.0625,0.0000,amorphous,0,9.052,6.0
379,6.517,0.1404,0.1538,0.1154,0.1538,intermediate,0,6.589,10.0
380,4.884,0.0682,0.0909,0.0000,0.1212,amorphous,0,10.032,6.0
381,9.807,0.0368,0.1053,0.0000,0.0000,amorphous,0,7.233,10.0
382,10.719,0.1475,0.1500,0.1000,0.2000,intermediate,0,7.376,20.0
383,11.109,0.1844,0.3125,0.0000,0.2500,intermediate,0,8.245,20.0
384,8.946,0.1500,0.1818,0.0909,0.1818,intermediate,0,17.267,10.0
385,6.474,0.0660,0.1200,0.0000,0.0800,amorphous,0,4.414,10.0
386,12.369,0.0975,0.1500,0.0000,0.1500,intermediate,0,22.878,20.0
387,11.817,0.2150,0.4000,0.0000,0.2500,intermediate,0,9.621,20.0
388,11.846,0.1211,0.2105,0.0000,0.1579,intermediate,0,27.472,20.0
389,7.351,0.1833,0.3333,0.0000,0.2222,intermediate,0,7.761,10.0
390,10.364,0.0516,0.0645,0.0000,0.0968,amorphous,0,17.170,10.0
391,10.999,0.0611,0.1111,0.0000,0.0741,amorphous,0,15.230,20.0
392,12.626,0.1833,0.2222,0.1111,0.2222,intermediate,0,20.951,20.0
393,4.776,0.0914,0.1724,0.0000,0.1034,amorphous,0,5.957,6.0
394,12.356,0.1125,0.1500,0.0000,0.2000,intermediate,0,23.191,20.0
395,10.885,0.2000,0.2500,0.0000,0.3750,intermediate,0,30.514,20.0
396,9.796,0.1217,0.2333,0.0000,0.1333,intermediate,0,23.028,10.0
397,8.372,0.1865,0.2692,0.0000,0.3077,intermediate,0,25.622,10.0
398,9.088,0.0672,0.1034,0.0000,0.1034,amorphous,0,15.856,10.0
399,8.126,0.1975,0.2500,0.1000,0.2500,intermediate,0,4.387,10.0
400,10.774,0.1375,0.1667,0.0833,0.1667,intermediate,0,15.054,20.0
401,12.091,0.1435,0.1739,0.0870,0.1739,intermediate,0,16.117,20.0
402,8.996,0.0780,0.1200,0.0000,0.1200,intermediate,0,5.799,10.0
403,11.498,0.0750,0.1364,0.0000,0.0909,amorphous,0,9.748,20.0
404,12.365,0.1529,0.2353,0.0000,0.2353,intermediate,0,12.619,20.0
405,10.470,0.0722,0.1111,0.0000,0.1111,amorphous,0,14.998,20.0
406,10.312,0.0635,0.1154,0.0000,0.0769,amorphous,0,12.551,20.0
407,9.676,0.0591,0.0909,0.0000,0.0909,amorphous,0,8.473,10.0
408,8.610,0.1300,0.2000,0.0000,0.2000,intermediate,0,22.336,10.0
409,10.854,0.0780,0.1200,0.0000,0.1200,intermediate,0,12.179,20.0
410,11.052,0.0870,0.1739,0.0000,0.0870,amorphous,0,18.525,20.0
411,10.120,0.1773,0.2727,0.0000,0.2727,intermediate,0,5.633,20.0
412,11.998,0.0971,0.1765,0.0000,0.1176,amorphous,0,8.051,20.0
413,2.898,0.1074,0.2059,0.0000,0.1176,amorphous,0,3.884,6.0
414,8.946,0.0821,0.1429,0.0000,0.1071,amorphous,0,9.945,10.0
415,8.872,0.0542,0.0833,0.0000,0.0833,amorphous,0,7.093,10.0
416,12.031,0.1967,0.3333,0.0000,0.2667,intermediate,0,8.839,20.0
417,5.102,0.2409,0.3182,0.1364,0.2727,intermediate,0,3.556,6.0
418,8.952,0.0464,0.0714,0.0000,0.0714,amorphous,0,12.654,10.0
419,6.204,0.1932,0.3182,0.0000,0.2727,intermediate,0,5.150,10.0
420,12.663,0.1031,0.1250,0.0625,0.1250,intermediate,0,10.351,20.0
421,10.908,0.0750,0.1154,0.0000,0.1154,amorphous,0,10.913,20.0
422,6.291,0.2185,0.3704,0.0000,0.2963,intermediate,0,4.900,10.0
423,10.276,0.0886,0.1364,0.0000,0.1364,intermediate,0,20.756,20.0
424,9.199,0.1093,0.1852,0.0000,0.1481,intermediate,0,9.631,10.0
425,12.160,0.0750,0.1364,0.0000,0.0909,amorphous,0,10.079,20.0
426,8.708,0.0565,0.0870,0.0000,0.0870,amorphous,0,8.669,10.0
427,10.114,0.0650,0.1000,0.0000,0.1000,amorphous,0,18.328,20.0
428,3.266,0.0571,0.0714,0.0000,0.1071,amorphous,0,4.504,6.0
429,9.693,0.1031,0.1250,0.0625,0.1250,intermediate,0,17.622,10.0
430,12.319,0.1737,0.3158,0.0000,0.2105,intermediate,0,23.876,20.0
431,10.302,0.1034,0.1379,0.0690,0.1034,amorphous,0,7.015,20.0
432,9.561,0.2194,0.3889,0.0000,0.2778,intermediate,0,6.210,10.0
433,6.504,0.1278,0.2222,0.0000,0.1667,intermediate,0,5.236,10.0
434,8.817,0.0717,0.1304,0.0000,0.0870,amorphous,0,4.993,10.0
435,9.059,0.0909,0.1818,0.0000,0.0909,amorphous,0,11.242,10.0
436,10.983,0.0684,0.1053,0.0000,0.1053,amorphous,0,5.683,20.0
437,11.415,0.1500,0.2500,0.0000,0.2083,intermediate,0,23.610,20.0
438,12.285,0.1026,0.1579,0.0000,0.1579,intermediate,0,16.615,20.0
439,11.983,0.1000,0.1739,0.0000,0.1304,intermediate,0,19.240,20.0
440,12.292,0.0684,0.1053,0.0000,0.1053,amorphous,0,7.415,20.0
441,6.726,0.0812,0.1250,0.0000,0.1250,intermediate,0,2.714,10.0
442,9.635,0.0565,0.0870,0.0000,0.0870,amorphous,0,9.305,10.0
443,11.727,0.1733,0.2667,0.0000,0.2667,intermediate,0,27.328,20.0
444,5.491,0.0779,0.1471,0.0000,0.0882,amorphous,0,5.457,6.0
445,7.647,0.1065,0.1935,0.0000,0.1290,intermediate,0,6.099,10.0
446,6.937,0.2690,0.3810,0.1429,0.2857,crystalline,0,2.182,10.0
447,10.362,0.1795,0.3182,0.0000,0.2273,intermediate,0,22.521,20.0
448,11.710,0.1095,0.1905,0.0000,0.1429,intermediate,0,11.185,20.0
449,3.501,0.0811,0.1622,0.0000,0.0811,amorphous,0,3.573,6.0
450,6.846,0.1095,0.1905,0.0000,0.1429,intermediate,0,2.231,10.0
451,10.777,0.1095,0.1905,0.0000,0.1429,intermediate,0,8.436,20.0
452,10.110,0.2357,0.4286,0.0000,0.2857,intermediate,0,3.370,20.0
453,8.301,0.0780,0.1200,0.0000,0.1200,intermediate,0,4.421,10.0
454,11.448,0.0542,0.0833,0.0000,0.0833,amorphous,0,6.677,20.0
455,12.388,0.0800,0.1000,0.0000,0.1500,amorphous,0,15.109,20.0
456,12.328,0.1353,0.2353,0.0000,0.1765,intermediate,0,17.606,20.0
457,12.174,0.0722,0.1111,0.0000,0.1111,amorphous,0,6.931,20.0
458,6.945,0.1300,0.2000,0.0000,0.2000,intermediate,0,0.464,10.0
459,12.661,0.0917,0.1111,0.0556,0.1111,amorphous,0,10.108,20.0
460,2.137,0.1911,0.2500,0.1429,0.1786,intermediate,0,0.566,6.0
461,8.270,0.1967,0.3333,0.0000,0.2667,intermediate,0,1.402,10.0
462,11.085,0.0868,0.1579,0.0000,0.1053,amorphous,0,4.608,20.0
463,12.341,0.0868,0.1579,0.0000,0.1053,amorphous,0,7.347,20.0
464,12.058,0.1045,0.1818,0.0000,0.1364,intermediate,0,7.666,20.0
465,12.387,0.2053,0.3158,0.0000,0.3158,intermediate,0,23.603,20.0
466,9.839,0.1152,0.2174,0.0000,0.1304,intermediate,0,5.814,10.0
467,10.258,0.2200,0.4000,0.0000,0.2667,intermediate,0,2.523,20.0
468,12.502,0.0975,0.1500,0.0000,0.1500,intermediate,0,12.555,20.0
469,9.395,0.0963,0.1481,0.0000,0.1481,intermediate,0,4.682,10.0
470,12.490,0.0812,0.1250,0.0000,0.1250,intermediate,0,7.555,20.0
471,12.610,0.1639,0.2778,0.0000,0.2222,intermediate,0,18.730,20.0
472,5.798,0.1435,0.2609,0.0000,0.1739,intermediate,0,-1.093,6.0
473,5.901,0.2117,0.2667,0.1667,0.2000,intermediate,0,1.698,6.0
474,8.502,0.1300,0.2000,0.0000,0.2000,intermediate,0,1.451,10.0
475,12.340,0.0825,0.1500,0.0000,0.1000,amorphous,0,9.970,20.0
476,3.480,0.2393,0.3333,0.1667,0.2143,intermediate,0,-0.308,6.0
477,8.569,0.1238,0.1905,0.0000,0.1905,intermediate,0,-0.771,10.0
478,6.750,0.1324,0.2162,0.0000,0.1892,intermediate,0,0.139,10.0
479,11.300,0.1026,0.1579,0.0000,0.1579,intermediate,0,1.239,20.0
480,10.874,0.1278,0.2222,0.0000,0.1667,intermediate,0,3.103,20.0
481,9.543,0.2540,0.3200,0.2000,0.2400,crystalline,0,0.990,10.0
482,7.908,0.1093,0.1852,0.0000,0.1481,intermediate,0,-1.399,10.0
483,6.622,0.1870,0.3478,0.0000,0.2174,intermediate,0,-2.854,10.0
484,9.141,0.1478,0.2609,0.0870,0.0870,intermediate,0,1.054,10.0
485,12.275,0.1437,0.2500,0.0000,0.1875,intermediate,0,2.529,20.0
486,10.972,0.2000,0.2500,0.1500,0.2000,intermediate,0,1.190,20.0
487,9.519,0.1341,0.2273,0.0000,0.1818,intermediate,0,-0.935,10.0
488,8.804,0.2857,0.2857,0.2857,0.2857,crystalline,0,-2.101,10.0
489,9.050,0.1437,0.2500,0.0000,0.1875,intermediate,0,-4.675,10.0
490,12.092,0.1031,0.1875,0.0000,0.1250,intermediate,0,0.666,20.0
491,7.990,0.1825,0.3500,0.0000,0.2000,intermediate,0,-4.540,10.0
492,7.677,0.1960,0.3200,0.0000,0.2800,intermediate,0,-3.759,10.0
493,6.347,0.2132,0.3824,0.0000,0.2647,intermediate,0,-3.707,10.0
494,7.316,0.2100,0.3600,0.0000,0.2800,intermediate,0,-5.270,10.0
495,11.796,0.2906,0.3125,0.2500,0.3125,crystalline,0,-2.808,20.0
496,10.920,0.2850,0.4000,0.2000,0.2500,crystalline,0,-2.559,20.0
497,12.191,0.2094,0.3125,0.1250,0.1875,intermediate,0,-2.064,20.0
498,10.731,0.1614,0.2273,0.0000,0.2727,intermediate,0,-4.967,20.0
499,9.049,0.2074,0.3704,0.0000,0.2593,intermediate,0,-4.357,10.0
500,11.922,0.1800,0.3000,0.0000,0.2500,intermediate,0,-4.188,20.0
501,10.136,0.1737,0.3158,0.0000,0.2105,intermediate,0,-7.318,20.0
502,11.652,0.1706,0.2353,0.0000,0.2941,intermediate,0,-5.849,20.0
503,11.063,0.1967,0.3333,0.0000,0.2667,intermediate,0,-8.957,20.0
504,11.002,0.2214,0.4286,0.0000,0.2381,intermediate,0,-8.753,20.0
505,12.430,0.1643,0.2857,0.0000,0.2143,intermediate,0,-8.110,20.0
506,12.267,0.2079,0.3684,0.0000,0.2632,intermediate,0,-7.906,20.0
