ca_index,d_p_A,crystallinity,frac_a,frac_c,frac_384,com_registry,pair_corr,hotspot,phase,domain,axial_A,shell_bfac
0,2.765,0.0437,0.0000,0.1250,0.0000,0.0000,0.0000,0,intermediate,0,0.000,0.0
1,2.766,0.0167,0.0000,0.0476,0.0000,0.1000,0.3333,0,amorphous,0,-1.690,0.0
2,2.758,0.0219,0.0000,0.0625,0.0000,0.0667,0.2500,0,amorphous,0,-7.424,0.0
3,2.791,0.0250,0.0000,0.0714,0.0000,0.1538,0.4733,0,amorphous,0,-18.748,0.0
4,2.759,0.0219,0.0000,0.0625,0.0000,0.2667,0.6400,0,amorphous,0,-24.971,0.0
5,2.772,0.0000,0.0000,0.0000,0.0000,0.1667,0.5000,0,amorphous,0,-26.435,0.0
6,2.764,0.0437,0.1250,0.0000,0.0000,0.0000,0.0000,0,intermediate,0,27.612,0.0
7,2.768,0.0292,0.0000,0.0833,0.0000,0.0000,0.0000,0,amorphous,0,22.021,0.0
8,2.759,0.0269,0.0000,0.0769,0.0000,0.1667,0.5400,0,amorphous,0,25.384,0.0
9,2.790,0.0437,0.0000,0.1250,0.0000,0.2857,0.8067,1,intermediate,0,23.757,0.0
10,2.759,0.0292,0.0000,0.0833,0.0000,0.2000,0.4000,0,amorphous,0,15.568,0.0
11,2.771,0.0219,0.0000,0.0625,0.0000,0.1071,0.4400,0,amorphous,0,2.778,0.0
12,2.789,0.0130,0.0000,0.0000,0.0435,0.1163,0.4178,0,amorphous,0,7.528,0.0
13,2.790,0.0269,0.0000,0.0769,0.0000,0.0000,0.0000,0,amorphous,0,-6.109,0.0
14,2.775,0.0292,0.0000,0.0833,0.0000,0.3000,0.6000,0,amorphous,0,-13.984,0.0
15,2.789,0.0233,0.0000,0.0667,0.0000,0.0714,0.1250,0,amorphous,0,-15.599,0.0
16,2.764,0.0269,0.0000,0.0769,0.0000,0.1818,0.6400,0,amorphous,0,-15.893,0.0
17,2.787,0.0437,0.0000,0.1250,0.0000,0.1429,0.3333,0,intermediate,0,-26.505,0.0
18,2.789,0.0350,0.0000,0.1000,0.0000,0.2500,0.6667,0,amorphous,0,41.583,0.0
19,2.789,0.0269,0.0000,0.0769,0.0000,0.0909,0.2000,0,amorphous,0,36.261,0.0
20,2.774,0.0219,0.0000,0.0625,0.0000,0.0667,0.2500,0,amorphous,0,25.533,0.0
21,2.789,0.0182,0.0000,0.0000,0.0606,0.0938,0.3708,0,amorphous,0,12.866,0.0
22,2.771,0.0140,0.0000,0.0400,0.0000,0.0417,0.1250,0,amorphous,0,10.282,0.0
23,2.787,0.0000,0.0000,0.0000,0.0000,0.0000,0.0000,0,amorphous,0,9.279,0.0
24,8.260,0.0169,0.0000,0.0484,0.0000,0.1148,0.3344,0,intermediate,0,2.950,18.0
25,5.451,0.0132,0.0000,0.0377,0.0000,0.1731,0.3971,0,intermediate,0,-14.038,18.0
26,5.181,0.0244,0.0375,0.0000,0.0375,0.2152,0.4800,0,intermediate,0,13.106,18.0
27,8.631,0.0149,0.0426,0.0000,0.0000,0.2222,0.4626,0,intermediate,0,23.487,18.0
28,6.439,0.0241,0.0370,0.0000,0.0370,0.2051,0.4363,0,intermediate,0,16.884,18.0
29,9.765,0.0117,0.0000,0.0333,0.0000,0.2034,0.4127,0,intermediate,0,-12.737,18.0
30,6.417,0.0254,0.0435,0.0290,0.0000,0.1912,0.4108,0,intermediate,0,-10.146,18.0
31,8.098,0.0103,0.0000,0.0294,0.0000,0.1940,0.4108,0,intermediate,0,-9.344,18.0
32,8.904,0.0247,0.0380,0.0000,0.0380,0.1667,0.4108,0,intermediate,0,15.481,18.0
33,7.947,0.0158,0.0000,0.0000,0.0526,0.2162,0.4733,0,intermediate,0,-17.528,18.0
34,6.539,0.0000,0.0000,0.0000,0.0000,0.2951,0.5400,0,amorphous,0,-2.002,18.0
35,6.327,0.0287,0.0441,0.0000,0.0441,0.1791,0.3900,0,intermediate,0,-5.886,18.0
36,5.607,0.0247,0.0380,0.0000,0.0380,0.2692,0.5438,0,intermediate,0,15.672,18.0
37,5.089,0.0246,0.0000,0.0308,0.0462,0.2222,0.4443,0,intermediate,0,-1.030,18.0
38,6.449,0.0113,0.0000,0.0323,0.0000,0.1379,0.3622,0,intermediate,0,24.860,18.0
39,4.551,0.0152,0.0000,0.0435,0.0000,0.2090,0.5084,0,intermediate,0,3.264,18.0
40,9.474,0.0250,0.0385,0.0000,0.0385,0.1948,0.4178,0,intermediate,0,17.703,18.0
41,9.193,0.0257,0.0395,0.0000,0.0395,0.2133,0.4600,0,intermediate,0,-6.628,18.0
42,4.814,0.0097,0.0000,0.0278,0.0000,0.1857,0.4053,0,intermediate,0,6.978,18.0
43,7.340,0.0260,0.0400,0.0000,0.0400,0.1096,0.2909,0,intermediate,0,13.035,18.0
44,6.992,0.0100,0.0000,0.0286,0.0000,0.2609,0.5150,0,intermediate,0,-13.188,18.0
45,8.234,0.0286,0.0408,0.0408,0.0000,0.1458,0.3521,0,intermediate,0,26.745,18.0
46,8.768,0.0146,0.0417,0.0000,0.0000,0.2714,0.5278,0,intermediate,0,-8.605,22.0
47,7.680,0.0115,0.0000,0.0328,0.0000,0.1667,0.4032,0,amorphous,0,-15.810,22.0
48,3.858,0.0138,0.0395,0.0000,0.0000,0.1622,0.4191,0,amorphous,0,9.311,22.0
49,6.955,0.0363,0.0411,0.0274,0.0411,0.1831,0.4000,0,amorphous,0,-6.127,22.0
50,8.952,0.0257,0.0395,0.0000,0.0395,0.1757,0.3900,0,intermediate,0,-7.185,22.0
51,8.046,0.0109,0.0000,0.0312,0.0000,0.2258,0.4443,0,intermediate,0,22.998,22.0
52,8.284,0.0244,0.0375,0.0000,0.0375,0.1429,0.3400,0,intermediate,0,17.044,22.0
53,6.453,0.0241,0.0370,0.0000,0.0370,0.1750,0.4042,0,amorphous,0,15.395,22.0
54,6.725,0.0167,0.0000,0.0476,0.0000,0.1452,0.3595,0,amorphous,0,4.614,22.0
55,8.547,0.0138,0.0395,0.0000,0.0000,0.2667,0.5482,0,intermediate,0,-9.653,22.0
56,1.230,0.0000,0.0000,0.0000,0.0000,0.0000,0.0000,0,amorphous,0,7.904,22.0
57,7.467,0.0292,0.0000,0.0833,0.0000,0.0909,0.1667,0,amorphous,0,32.435,22.0
58,8.026,0.0000,0.0000,0.0000,0.0000,0.4000,0.8067,0,intermediate,0,-23.972,22.0
59,6.558,0.0000,0.0000,0.0000,0.0000,0.1613,0.3900,0,amorphous,0,-3.299,22.0
60,2.447,0.0115,0.0000,0.0328,0.0000,0.1897,0.4838,0,amorphous,0,8.209,22.0
61,4.490,0.0314,0.0000,0.0392,0.0588,0.1600,0.4257,0,amorphous,0,-7.758,22.0
62,9.579,0.0146,0.0417,0.0000,0.0000,0.1690,0.3708,0,intermediate,0,19.388,22.0
63,6.146,0.0101,0.0000,0.0290,0.0000,0.2500,0.5096,0,amorphous,0,-0.045,22.0
64,2.186,0.0184,0.0000,0.0526,0.0000,0.0000,0.0000,0,amorphous,0,-0.755,22.0
65,8.183,0.0111,0.0000,0.0317,0.0000,0.1613,0.4525,0,intermediate,0,0.810,22.0
66,8.312,0.0109,0.0000,0.0312,0.0000,0.2063,0.4650,0,intermediate,0,23.622,22.0
67,7.196,0.0875,0.1250,0.1250,0.0000,0.1667,0.2500,0,intermediate,0,24.018,22.0
68,4.204,0.0000,0.0000,0.0000,0.0000,0.0588,0.1667,0,amorphous,0,26.770,22.0
69,3.081,0.0132,0.0377,0.0000,0.0000,0.1154,0.2500,0,amorphous,0,-13.940,22.0
70,3.457,0.0159,0.0000,0.0455,0.0000,0.1707,0.3043,0,amorphous,0,1.741,22.0
71,7.635,0.0113,0.0000,0.0323,0.0000,0.1639,0.4103,0,amorphous,0,7.275,22.0
72,5.843,0.0000,0.0000,0.0000,0.0000,0.1897,0.4295,0,amorphous,0,23.602,22.0
73,5.050,0.0206,0.0588,0.0000,0.0000,0.1250,0.4257,0,amorphous,0,21.170,22.0
74,3.721,0.0000,0.0000,0.0000,0.0000,0.1154,0.2727,0,amorphous,0,18.239,22.0
75,2.159,0.0302,0.0465,0.0000,0.0465,0.1190,0.2941,0,amorphous,0,-7.139,22.0
76,3.500,0.0115,0.0000,0.0328,0.0000,0.1695,0.3726,0,amorphous,0,4.583,22.0
77,7.408,0.0136,0.0390,0.0000,0.0000,0.2267,0.4548,0,amorphous,0,11.317,22.0
78,6.042,0.0130,0.0000,0.0370,0.0000,0.1154,0.3708,0,amorphous,0,19.782,22.0
79,4.021,0.0000,0.0000,0.0000,0.0000,0.2857,0.5844,0,amorphous,0,-22.402,22.0
80,6.428,0.0152,0.0000,0.0435,0.0000,0.1111,0.3900,0,amorphous,0,-9.654,22.0
81,1.904,0.0000,0.0000,0.0000,0.0000,0.0938,0.3543,0,amorphous,0,6.476,22.0
82,7.710,0.0140,0.0400,0.0000,0.0000,0.2245,0.4948,0,amorphous,0,-16.536,22.0
83,8.489,0.0108,0.0000,0.0308,0.0000,0.1719,0.3692,0,intermediate,0,-11.920,22.0
84,2.983,0.0206,0.0588,0.0000,0.0000,0.1515,0.4341,0,amorphous,0,-18.590,22.0
85,7.918,0.0336,0.0517,0.0000,0.0517,0.1509,0.3686,0,intermediate,0,16.749,22.0
86,2.438,0.0135,0.0000,0.0385,0.0000,0.1200,0.3900,0,amorphous,0,-18.233,22.0
87,2.962,0.0154,0.0000,0.0000,0.0513,0.1842,0.4443,0,amorphous,0,26.153,22.0
88,5.030,0.0143,0.0408,0.0000,0.0000,0.0638,0.1579,0,amorphous,0,16.402,22.0
89,8.427,0.0111,0.0000,0.0317,0.0000,0.1967,0.4929,0,intermediate,0,2.303,22.0
90,1.878,0.0167,0.0476,0.0000,0.0000,0.1220,0.2941,0,amorphous,0,-14.865,22.0
91,5.488,0.0153,0.0000,0.0000,0.0508,0.1964,0.5067,0,amorphous,0,-7.353,22.0
92,4.864,0.0242,0.0000,0.0303,0.0455,0.2097,0.4733,0,amorphous,0,14.692,22.0
93,5.179,0.0184,0.0526,0.0000,0.0000,0.0541,0.1333,0,amorphous,0,-12.152,22.0
94,8.823,0.0350,0.0000,0.1000,0.0000,0.1667,0.3750,0,intermediate,0,-23.410,22.0
95,3.137,0.0179,0.0513,0.0000,0.0000,0.1714,0.5400,0,amorphous,0,23.061,22.0
96,3.998,0.0108,0.0000,0.0308,0.0000,0.1905,0.4733,0,amorphous,0,-2.617,22.0
97,8.591,0.0167,0.0000,0.0000,0.0556,0.0571,0.1250,0,intermediate,0,26.852,22.0
98,5.872,0.0317,0.0488,0.0000,0.0488,0.2000,0.5036,0,amorphous,0,5.914,22.0
99,8.451,0.0159,0.0455,0.0000,0.0000,0.1163,0.3900,0,intermediate,0,-13.518,22.0
100,7.349,0.0140,0.0000,0.0400,0.0000,0.0816,0.2650,0,amorphous,0,1.806,22.0
101,4.293,0.0000,0.0000,0.0000,0.0000,0.0769,0.2000,0,amorphous,0,22.237,22.0
102,4.770,0.0106,0.0000,0.0303,0.0000,0.1692,0.4083,0,amorphous,0,8.697,22.0
103,6.415,0.0172,0.0492,0.0000,0.0000,0.2167,0.4355,0,amorphous,0,-7.006,22.0
104,5.790,0.0000,0.0000,0.0000,0.0000,0.2500,0.5000,0,amorphous,0,29.239,22.0
105,3.463,0.0269,0.0000,0.0769,0.0000,0.2500,0.6400,0,amorphous,0,35.257,22.0
106,8.095,0.0140,0.0400,0.0000,0.0000,0.1277,0.4009,0,intermediate,0,18.514,22.0
107,4.150,0.0150,0.0000,0.0000,0.0500,0.0769,0.1500,0,amorphous,0,-9.182,22.0
108,4.664,0.0115,0.0000,0.0328,0.0000,0.1000,0.3218,0,amorphous,0,0.025,22.0
109,7.258,0.0194,0.0000,0.0556,0.0000,0.1875,0.5150,0,amorphous,0,32.061,22.0
110,6.493,0.0000,0.0000,0.0000,0.0000,0.1000,0.3543,0,amorphous,0,-23.035,22.0
111,3.059,0.0000,0.0000,0.0000,0.0000,0.1136,0.4733,0,amorphous,0,5.308,22.0
112,4.856,0.0141,0.0000,0.0000,0.0469,0.1429,0.3708,0,amorphous,0,-2.308,22.0
113,6.621,0.0000,0.0000,0.0000,0.0000,0.2927,0.6015,0,amorphous,0,26.178,22.0
114,3.149,0.0000,0.0000,0.0000,0.0000,0.0556,0.1333,0,amorphous,0,-18.000,22.0
115,4.231,0.0113,0.0000,0.0323,0.0000,0.1803,0.3333,0,amorphous,0,7.950,22.0
116,8.224,0.0153,0.0000,0.0000,0.0508,0.1552,0.3832,0,intermediate,0,-2.780,22.0
117,7.192,0.0292,0.0000,0.0833,0.0000,0.0000,0.0000,0,amorphous,0,38.181,22.0
118,7.642,0.0159,0.0455,0.0000,0.0000,0.1719,0.3844,0,amorphous,0,13.427,22.0
119,3.099,0.0250,0.0000,0.0312,0.0469,0.1935,0.4929,0,amorphous,0,15.536,22.0
120,7.648,0.0389,0.0000,0.1111,0.0000,0.2500,0.5000,0,amorphous,0,44.150,22.0
121,6.570,0.0269,0.0000,0.0769,0.0000,0.0833,0.2500,0,amorphous,0,33.489,22.0
122,5.693,0.0167,0.0000,0.0476,0.0000,0.1053,0.2857,0,amorphous,0,-23.019,22.0
123,6.159,0.0318,0.0909,0.0000,0.0000,0.0476,0.1250,0,amorphous,0,33.563,22.0
124,5.565,0.0219,0.0000,0.0625,0.0000,0.0000,0.0000,0,amorphous,0,32.475,22.0
125,5.835,0.0250,0.0000,0.0714,0.0000,0.0000,0.0000,0,amorphous,0,34.934,22.0
126,10.376,0.0000,0.0000,0.0000,0.0000,0.1429,0.3333,0,intermediate,0,46.287,22.0
127,4.189,0.0292,0.0000,0.0833,0.0000,0.0909,0.2500,0,amorphous,0,-29.064,22.0
128,5.037,0.0000,0.0000,0.0000,0.0000,0.0800,0.3067,0,amorphous,0,-24.972,22.0
129,4.999,0.0000,0.0000,0.0000,0.0000,0.1818,0.5000,0,amorphous,0,28.187,22.0
130,6.039,0.0350,0.0000,0.1000,0.0000,0.1111,0.3333,0,amorphous,0,-27.490,22.0
131,11.329,0.0389,0.0000,0.1111,0.0000,0.0000,0.0000,0,intermediate,0,49.698,22.0
132,2.895,0.0000,0.0000,0.0000,0.0000,0.0435,0.1000,0,amorphous,0,-23.998,22.0
133,10.240,0.0350,0.0000,0.1000,0.0000,0.1111,0.2500,0,amorphous,0,0.328,24.0
134,10.499,0.0000,0.0000,0.0000,0.0000,0.0000,0.0000,0,amorphous,0,0.403,24.0
135,10.193,0.0437,0.0000,0.1250,0.0000,0.2857,0.5000,0,amorphous,0,-4.854,24.0
136,16.307,0.0000,0.0000,0.0000,0.0000,0.5000,0.0000,0,intermediate,0,-21.790,24.0
137,6.631,0.0292,0.0000,0.0833,0.0000,0.1818,0.4000,0,amorphous,0,-23.060,24.0
138,12.037,0.0350,0.0000,0.1000,0.0000,0.0000,0.0000,0,amorphous,0,9.211,24.0
139,14.934,0.0000,0.0000,0.0000,0.0000,0.0000,0.0000,0,intermediate,0,-1.568,24.0
140,13.921,0.0389,0.0000,0.1111,0.0000,0.1429,0.2500,0,amorphous,0,-20.122,24.0
141,7.407,0.0233,0.0000,0.0667,0.0000,0.3077,0.4444,0,amorphous,0,-30.846,24.0
142,8.151,0.0778,0.1111,0.1111,0.0000,0.0000,0.0000,0,intermediate,0,-15.629,24.0
143,5.436,0.0269,0.0000,0.0769,0.0000,0.1818,0.3333,0,amorphous,0,15.742,24.0
144,8.539,0.0350,0.0000,0.1000,0.0000,0.0000,0.0000,0,amorphous,0,33.613,24.0
145,11.571,0.0318,0.0000,0.0909,0.0000,0.0000,0.0000,0,amorphous,0,44.323,24.0
146,7.936,0.0000,0.0000,0.0000,0.0000,0.1250,0.4286,0,amorphous,0,-0.799,24.0
147,10.875,0.0269,0.0000,0.0769,0.0000,0.0000,0.0000,0,amorphous,0,39.677,24.0
148,7.852,0.0437,0.0000,0.1250,0.0000,0.0000,0.0000,0,intermediate,0,-13.418,24.0
149,10.946,0.0389,0.0000,0.1111,0.0000,0.1250,0.3333,0,amorphous,0,-28.967,24.0
150,7.996,0.0000,0.0000,0.0000,0.0000,0.0000,0.0000,0,amorphous,0,30.086,24.0
151,7.690,0.0000,0.0000,0.0000,0.0000,0.0000,0.0000,0,amorphous,0,30.066,24.0
152,12.580,0.0389,0.1111,0.0000,0.0000,0.0000,0.0000,0,amorphous,0,23.457,24.0
153,14.750,0.0000,0.0000,0.0000,0.0000,0.1667,0.2500,0,intermediate,0,-27.533,24.0
154,12.809,0.0875,0.1250,0.1250,0.0000,0.1429,0.2000,0,intermediate,0,-7.519,24.0
155,12.571,0.0000,0.0000,0.0000,0.0000,0.2000,0.0000,0,amorphous,0,24.789,24.0
156,12.857,0.0000,0.0000,0.0000,0.0000,0.0000,0.0000,0,amorphous,0,16.037,24.0
157,13.306,0.0437,0.0000,0.1250,0.0000,0.1429,0.3333,0,amorphous,0,-5.979,24.0
158,12.241,0.0000,0.0000,0.0000,0.0000,0.1667,0.5000,0,amorphous,0,-34.370,24.0
159,12.639,0.0000,0.0000,0.0000,0.0000,0.0000,0.0000,0,amorphous,0,-11.080,24.0
160,7.964,0.0219,0.0000,0.0625,0.0000,0.1333,0.2500,0,amorphous,0,-29.486,24.0
161,13.677,0.0389,0.0000,0.1111,0.0000,0.0000,0.0000,0,amorphous,0,33.679,24.0
162,8.443,0.0389,0.0000,0.1111,0.0000,0.0000,0.0000,0,amorphous,0,29.228,24.0
163,18.285,0.0000,0.0000,0.0000,0.0000,0.3333,0.5000,0,intermediate,0,-22.225,24.0
164,4.922,0.0206,0.0000,0.0588,0.0000,0.2000,0.7400,1,amorphous,0,4.013,24.0
165,15.201,0.0000,0.0000,0.0000,0.0000,0.0000,0.0000,0,intermediate,0,22.735,24.0
166,9.800,0.0318,0.0000,0.0909,0.0000,0.2000,0.5000,0,amorphous,0,-29.693,24.0
167,9.594,0.0350,0.0000,0.1000,0.0000,0.1111,0.3333,0,amorphous,0,-28.664,24.0
168,17.838,0.0000,0.0000,0.0000,0.0000,0.2000,0.5000,0,intermediate,0,-25.354,24.0
169,14.024,0.0000,0.0000,0.0000,0.0000,0.2000,0.5000,1,intermediate,0,15.940,24.0
170,10.450,0.0250,0.0000,0.0714,0.0000,0.0000,0.0000,0,amorphous,0,41.781,24.0
171,15.914,0.0000,0.0000,0.0000,0.0000,0.0000,0.0000,0,intermediate,0,12.884,24.0
172,15.056,0.0000,0.0000,0.0000,0.0000,0.2500,0.5000,0,intermediate,0,37.512,24.0
173,9.836,0.0000,0.0000,0.0000,0.0000,0.0000,0.0000,0,amorphous,0,30.936,24.0
174,12.984,0.0000,0.0000,0.0000,0.0000,0.2000,0.5000,1,amorphous,0,-24.323,24.0
175,14.420,0.0000,0.0000,0.0000,0.0000,0.1667,0.0000,0,intermediate,0,-11.401,24.0
176,6.513,0.0389,0.0000,0.1111,0.0000,0.2857,0.6667,0,amorphous,0,-32.378,24.0
177,14.415,0.0000,0.0000,0.0000,0.0000,0.5000,0.0000,0,intermediate,0,21.555,24.0
178,13.464,0.0389,0.0000,0.1111,0.0000,0.0000,0.0000,0,amorphous,0,3.004,24.0
179,13.249,0.0000,0.0000,0.0000,0.0000,0.0000,0.0000,0,amorphous,0,-18.160,24.0
180,12.785,0.0000,0.0000,0.0000,0.0000,0.0000,0.0000,0,amorphous,0,10.702,24.0
181,10.829,0.0389,0.0000,0.1111,0.0000,0.0000,0.0000,0,amorphous,0,-16.815,24.0
182,11.915,0.0318,0.0000,0.0909,0.0000,0.1000,0.2000,0,amorphous,0,10.465,24.0
183,18.007,0.0000,0.0000,0.0000,0.0000,0.2500,0.0000,0,intermediate,0,21.472,24.0
184,10.398,0.0250,0.0000,0.0714,0.0000,0.0000,0.0000,0,amorphous,0,32.683,24.0
185,4.819,0.0000,0.0000,0.0000,0.0000,0.0800,0.3622,0,amorphous,0,-25.584,24.0
186,15.143,0.0350,0.0000,0.1000,0.0000,0.0000,0.0000,0,intermediate,0,21.259,24.0
187,15.339,0.0000,0.0000,0.0000,0.0000,0.0000,0.0000,0,intermediate,0,-11.294,24.0
188,15.023,0.0000,0.0000,0.0000,0.0000,0.3333,0.5000,0,intermediate,0,31.935,24.0
189,12.440,0.0000,0.0000,0.0000,0.0000,0.2000,0.5000,0,amorphous,0,23.045,24.0
190,15.505,0.0000,0.0000,0.0000,0.0000,0.3333,0.0000,0,intermediate,0,-11.074,24.0
191,12.061,0.0389,0.0000,0.1111,0.0000,0.0000,0.0000,0,amorphous,0,49.240,24.0
192,9.783,0.0389,0.0000,0.1111,0.0000,0.0000,0.0000,0,amorphous,0,-26.763,24.0
193,14.588,0.0000,0.0000,0.0000,0.0000,0.0000,0.0000,0,intermediate,0,-22.917,24.0
194,16.317,0.0000,0.0000,0.0000,0.0000,0.0000,0.0000,0,intermediate,0,0.181,24.0
195,11.900,0.0000,0.0000,0.0000,0.0000,0.2000,0.3333,0,amorphous,0,36.999,24.0
196,14.233,0.0000,0.0000,0.0000,0.0000,0.4000,0.6667,0,intermediate,0,28.827,24.0
197,7.388,0.0292,0.0000,0.0833,0.0000,0.0909,0.3333,0,amorphous,0,-8.372,24.0
198,11.253,0.0000,0.0000,0.0000,0.0000,0.2000,0.5000,0,amorphous,0,-0.255,24.0
199,10.901,0.0318,0.0000,0.0909,0.0000,0.0000,0.0000,0,amorphous,0,25.166,24.0
200,14.326,0.0000,0.0000,0.0000,0.0000,0.0000,0.0000,0,intermediate,0,21.204,24.0
201,15.730,0.0000,0.0000,0.0000,0.0000,0.3333,0.6667,0,intermediate,0,44.239,24.0
202,14.148,0.0389,0.0000,0.1111,0.0000,0.0000,0.0000,0,intermediate,0,17.320,24.0
203,15.385,0.0389,0.0000,0.1111,0.0000,0.0000,0.0000,0,intermediate,0,23.845,24.0
204,14.114,0.0000,0.0000,0.0000,0.0000,0.1667,0.2500,0,intermediate,0,-21.469,24.0
205,14.844,0.0000,0.0000,0.0000,0.0000,0.1250,0.2500,0,intermediate,0,14.956,24.0
206,15.905,0.0000,0.0000,0.0000,0.0000,0.0000,0.0000,0,intermediate,0,-16.504,24.0
207,8.954,0.0000,0.0000,0.0000,0.0000,0.0000,0.0000,0,amorphous,0,28.886,24.0
208,13.909,0.0389,0.0000,0.1111,0.0000,0.1250,0.3333,0,amorphous,0,-14.000,24.0
209,13.706,0.0437,0.0000,0.1250,0.0000,0.2857,0.3333,0,amorphous,0,-8.711,24.0
210,13.291,0.0437,0.1250,0.0000,0.0000,0.1429,0.5000,0,amorphous,0,16.190,24.0
211,12.640,0.0000,0.0000,0.0000,0.0000,0.0000,0.0000,0,amorphous,0,-11.499,24.0
212,13.434,0.0000,0.0000,0.0000,0.0000,0.2000,0.2500,0,amorphous,0,-16.205,24.0
213,7.707,0.0233,0.0000,0.0667,0.0000,0.1538,0.3333,0,amorphous,0,8.272,24.0
214,12.110,0.0000,0.0000,0.0000,0.0000,0.0000,0.0000,0,amorphous,0,12.151,24.0
215,11.409,0.0350,0.0000,0.1000,0.0000,0.0000,0.0000,0,amorphous,0,-0.064,24.0
216,16.927,0.0437,0.1250,0.0000,0.0000,0.0000,0.0000,0,intermediate,0,50.410,24.0
217,8.202,0.0000,0.0000,0.0000,0.0000,0.0000,0.0000,0,amorphous,0,22.707,24.0
218,12.454,0.0000,0.0000,0.0000,0.0000,0.4000,0.6667,1,amorphous,0,30.309,24.0
219,12.042,0.0389,0.0000,0.1111,0.0000,0.1250,0.5000,1,amorphous,0,-20.664,24.0
220,12.547,0.0000,0.0000,0.0000,0.0000,0.4000,1.0000,1,amorphous,0,0.385,24.0
221,9.537,0.0000,0.0000,0.0000,0.0000,0.1667,0.2500,0,amorphous,0,13.418,24.0
222,13.635,0.0389,0.0000,0.1111,0.0000,0.0000,0.0000,0,amorphous,0,-1.599,24.0
223,16.561,0.0000,0.0000,0.0000,0.0000,0.4000,1.0000,1,intermediate,0,-27.309,24.0
224,14.340,0.0000,0.0000,0.0000,0.0000,0.0000,0.0000,0,intermediate,0,-35.733,24.0
225,11.460,0.0437,0.0000,0.1250,0.0000,0.0000,0.0000,0,amorphous,0,32.994,24.0
226,12.480,0.0437,0.0000,0.1250,0.0000,0.0000,0.0000,0,amorphous,0,6.135,24.0
227,16.684,0.0000,0.0000,0.0000,0.0000,0.0000,0.0000,0,intermediate,0,-34.032,24.0
228,11.588,0.0318,0.0000,0.0909,0.0000,0.3000,0.8900,1,amorphous,0,4.520,24.0
229,13.546,0.0350,0.0000,0.1000,0.0000,0.0000,0.0000,0,amorphous,0,36.424,24.0
230,13.580,0.0437,0.0000,0.1250,0.0000,0.0000,0.0000,0,amorphous,0,51.801,24.0
231,10.642,0.0233,0.0000,0.0667,0.0000,0.1429,0.3333,0,amorphous,0,-32.189,24.0
232,8.999,0.0000,0.0000,0.0000,0.0000,0.0000,0.0000,0,amorphous,0,-7.069,24.0
233,15.090,0.0000,0.0000,0.0000,0.0000,0.4000,1.0000,0,intermediate,0,-2.415,24.0
234,12.647,0.0318,0.0000,0.0909,0.0000,0.2000,0.6667,1,amorphous,0,41.211,24.0
235,13.551,0.0000,0.0000,0.0000,0.0000,0.2500,0.6400,0,amorphous,0,44.128,24.0
236,13.542,0.0000,0.0000,0.0000,0.0000,0.0000,0.0000,0,amorphous,0,-6.460,24.0
237,15.620,0.0437,0.0000,0.1250,0.0000,0.0000,0.0000,0,intermediate,0,49.048,24.0
238,12.452,0.0000,0.0000,0.0000,0.0000,0.0000,0.0000,0,amorphous,0,39.986,24.0
239,15.973,0.0000,0.0000,0.0000,0.0000,0.1667,0.2000,0,intermediate,0,-21.334,24.0
240,15.139,0.0000,0.0000,0.0000,0.0000,0.1667,0.2000,0,intermediate,0,-33.508,24.0
241,12.250,0.0000,0.0000,0.0000,0.0000,0.0000,0.0000,0,amorphous,0,3.487,24.0
242,14.453,0.0000,0.0000,0.0000,0.0000,0.0000,0.0000,0,intermediate,0,37.040,24.0
243,12.579,0.0292,0.0000,0.0833,0.0000,0.0000,0.0000,0,amorphous,0,39.188,24.0
244,7.915,0.0318,0.0000,0.0909,0.0000,0.0000,0.0000,0,amorphous,0,-32.030,24.0
245,12.952,0.0389,0.0000,0.1111,0.0000,0.0000,0.0000,0,amorphous,0,-20.565,24.0
246,14.170,0.0000,0.0000,0.0000,0.0000,0.0000,0.0000,0,intermediate,0,50.526,24.0
247,10.208,0.0437,0.0000,0.1250,0.0000,0.0000,0.0000,0,amorphous,0,-24.866,24.0
248,11.553,0.0437,0.1250,0.0000,0.0000,0.0000,0.0000,0,amorphous,0,-36.550,24.0
249,12.373,0.0000,0.0000,0.0000,0.0000,0.1667,0.5000,0,amorphous,0,41.514,24.0
250,10.914,0.0269,0.0000,0.0769,0.0000,0.0000,0.0000,0,amorphous,0,27.894,24.0
251,15.195,0.0000,0.0000,0.0000,0.0000,0.0000,0.0000,0,intermediate,0,-37.625,24.0
252,14.877,0.0389,0.0000,0.1111,0.0000,0.1250,0.3333,1,intermediate,0,44.007,24.0
253,15.726,0.0318,0.0000,0.0909,0.0000,0.3000,0.7400,0,intermediate,0,43.469,24.0
254,9.909,0.0437,0.0000,0.1250,0.0000,0.0000,0.0000,0,intermediate,0,0.924,24.0
255,16.936,0.0000,0.0000,0.0000,0.0000,0.1667,0.0000,0,intermediate,0,53.525,24.0
256,14.060,0.0389,0.0000,0.1111,0.0000,0.0000,0.0000,0,intermediate,0,29.361,24.0
257,13.650,0.0437,0.1250,0.0000,0.0000,0.1429,0.2500,0,amorphous,0,-23.410,24.0
258,19.003,0.0000,0.0000,0.0000,0.0000,0.0000,0.0000,0,intermediate,0,10.405,24.0
259,17.460,0.0000,0.0000,0.0000,0.0000,0.0000,0.0000,0,intermediate,0,-18.260,24.0
260,17.308,0.0000,0.0000,0.0000,0.0000,0.2000,0.3333,0,intermediate,0,36.111,24.0
261,11.849,0.0000,0.0000,0.0000,0.0000,0.0000,0.0000,0,amorphous,0,-33.130,24.0
262,16.134,0.0000,0.0000,0.0000,0.0000,0.1667,0.5000,0,intermediate,0,28.520,24.0
263,15.487,0.0292,0.0000,0.0833,0.0000,0.1818,0.3333,0,intermediate,0,7.685,24.0
264,18.711,0.0000,0.0000,0.0000,0.0000,0.3333,0.3333,0,intermediate,0,-30.475,24.0
265,15.820,0.0389,0.0000,0.1111,0.0000,0.0000,0.0000,0,intermediate,0,-12.451,24.0
266,22.044,0.0000,0.0000,0.0000,0.0000,0.0000,0.0000,0,intermediate,0,-20.425,24.0
267,16.692,0.0000,0.0000,0.0000,0.0000,0.1667,0.3333,0,intermediate,0,-14.599,24.0
268,13.363,0.0437,0.0000,0.1250,0.0000,0.0000,0.0000,0,amorphous,0,-36.365,24.0
269,16.793,0.0000,0.0000,0.0000,0.0000,0.2500,0.2500,0,intermediate,0,24.317,24.0
270,18.671,0.0000,0.0000,0.0000,0.0000,0.0000,0.0000,0,intermediate,0,24.322,24.0
271,12.483,0.0000,0.0000,0.0000,0.0000,0.0000,0.0000,0,amorphous,0,-39.784,24.0
272,16.355,0.0000,0.0000,0.0000,0.0000,0.4000,0.5000,0,intermediate,0,-11.848,24.0
273,17.235,0.0000,0.0000,0.0000,0.0000,0.5000,0.8900,1,intermediate,0,34.089,24.0
274,17.630,0.0000,0.0000,0.0000,0.0000,0.1667,0.0000,0,intermediate,0,-31.139,24.0
275,19.875,0.0000,0.0000,0.0000,0.0000,0.0000,0.0000,0,intermediate,0,1.466,24.0
276,10.849,0.0350,0.0000,0.1000,0.0000,0.1111,0.2000,0,amorphous,0,-35.714,24.0
277,12.428,0.0437,0.0000,0.1250,0.0000,0.1429,0.1667,0,amorphous,0,-9.870,24.0
278,14.637,0.0000,0.0000,0.0000,0.0000,0.0000,0.0000,0,intermediate,0,6.225,24.0
279,15.288,0.0389,0.0000,0.1111,0.0000,0.0000,0.0000,0,intermediate,0,-37.255,24.0
280,17.308,0.0000,0.0000,0.0000,0.0000,0.1667,0.3333,1,intermediate,0,14.558,24.0
281,16.404,0.0000,0.0000,0.0000,0.0000,0.6000,0.7500,1,intermediate,0,-29.598,24.0
282,15.305,0.0269,0.0000,0.0769,0.0000,0.0833,0.3333,0,intermediate,0,-1.701,24.0
283,15.079,0.0000,0.0000,0.0000,0.0000,0.3333,0.6667,0,intermediate,0,-35.113,24.0
284,14.531,0.0437,0.0000,0.1250,0.0000,0.1429,0.2500,0,intermediate,0,-20.333,24.0
285,16.058,0.0000,0.0000,0.0000,0.0000,0.2000,0.0000,0,intermediate,0,20.484,24.0
286,16.165,0.0437,0.0000,0.1250,0.0000,0.0000,0.0000,0,intermediate,0,19.057,24.0
287,16.271,0.0000,0.0000,0.0000,0.0000,0.0000,0.0000,0,intermediate,0,-11.024,24.0
288,7.162,0.0269,0.0000,0.0769,0.0000,0.2500,0.5000,0,amorphous,0,-33.685,24.0
289,16.800,0.0000,0.0000,0.0000,0.0000,0.0000,0.0000,0,intermediate,0,55.016,24.0
290,16.283,0.0000,0.0000,0.0000,0.0000,0.1667,0.3333,0,intermediate,0,32.541,24.0
291,16.887,0.0000,0.0000,0.0000,0.0000,0.1667,0.3333,1,intermediate,0,23.670,24.0
292,12.372,0.0000,0.0000,0.0000,0.0000,0.0000,0.0000,0,amorphous,0,-39.345,24.0
293,18.180,0.0000,0.0000,0.0000,0.0000,0.5000,0.6000,0,intermediate,0,49.414,24.0
294,15.218,0.0269,0.0000,0.0769,0.0000,0.0833,0.3333,0,intermediate,0,-4.180,24.0
295,20.743,0.0000,0.0000,0.0000,0.0000,0.1429,0.2000,0,intermediate,0,-24.468,24.0
296,15.487,0.0000,0.0000,0.0000,0.0000,0.1667,0.5000,0,intermediate,0,-13.356,24.0
297,20.587,0.0000,0.0000,0.0000,0.0000,0.0000,0.0000,0,intermediate,0,20.505,24.0
298,13.381,0.0000,0.0000,0.0000,0.0000,0.1667,0.5000,0,amorphous,0,5.411,24.0
299,15.122,0.0350,0.0000,0.1000,0.0000,0.1250,0.1667,0,intermediate,0,3.758,24.0
300,12.982,0.0000,0.0000,0.0000,0.0000,0.0000,0.0000,0,amorphous,0,-34.298,24.0
301,22.397,0.0437,0.0000,0.1250,0.0000,0.1429,0.3333,0,intermediate,0,-20.420,24.0
302,19.539,0.0000,0.0000,0.0000,0.0000,0.0000,0.0000,0,intermediate,0,6.978,24.0
303,21.359,0.0000,0.0000,0.0000,0.0000,0.0000,0.0000,0,intermediate,0,-37.501,24.0
304,16.770,0.0000,0.0000,0.0000,0.0000,0.0000,0.0000,0,intermediate,0,-12.224,24.0
305,20.068,0.0000,0.0000,0.0000,0.0000,0.0000,0.0000,0,intermediate,0,41.438,24.0
306,19.235,0.0318,0.0000,0.0909,0.0000,0.1000,0.3333,0,intermediate,0,40.079,24.0
307,15.579,0.0000,0.0000,0.0000,0.0000,0.2000,0.3333,0,intermediate,0,9.008,24.0
308,21.448,0.0000,0.0000,0.0000,0.0000,0.0000,0.0000,0,intermediate,0,52.946,24.0
309,16.682,0.0318,0.0000,0.0909,0.0000,0.2222,0.3333,1,intermediate,0,45.584,24.0
310,15.522,0.0389,0.0000,0.1111,0.0000,0.1250,0.3333,0,intermediate,0,-28.716,24.0
311,20.207,0.0000,0.0000,0.0000,0.0000,0.0000,0.0000,0,intermediate,0,40.409,24.0
312,19.223,0.0000,0.0000,0.0000,0.0000,0.3333,0.6667,0,amorphous,0,-8.424,26.0
313,22.618,0.0000,0.0000,0.0000,0.0000,0.0000,0.0000,0,intermediate,0,21.905,26.0
314,21.369,0.0000,0.0000,0.0000,0.0000,0.0000,0.0000,0,intermediate,0,21.256,26.0
315,15.884,0.0000,0.0000,0.0000,0.0000,0.0000,0.0000,0,amorphous,0,-42.037,26.0
316,23.823,0.0000,0.0000,0.0000,0.0000,0.0000,0.0000,0,intermediate,0,9.309,26.0
317,22.137,0.0000,0.0000,0.0000,0.0000,0.4000,0.5000,0,intermediate,0,5.063,26.0
318,25.175,0.0000,0.0000,0.0000,0.0000,0.0000,0.0000,0,intermediate,0,-34.920,26.0
319,18.248,0.0000,0.0000,0.0000,0.0000,0.0000,0.0000,0,amorphous,0,3.965,26.0
320,20.633,0.0000,0.0000,0.0000,0.0000,0.0000,0.0000,0,intermediate,0,56.227,26.0
321,26.126,0.0000,0.0000,0.0000,0.0000,0.2000,0.3333,0,intermediate,0,-20.139,26.0
322,14.337,0.0000,0.0000,0.0000,0.0000,0.0000,0.0000,0,amorphous,0,-35.906,26.0
323,21.253,0.0437,0.0000,0.1250,0.0000,0.1429,0.2500,0,intermediate,0,52.138,26.0
324,19.032,0.0437,0.0000,0.1250,0.0000,0.1429,0.3333,0,amorphous,0,-31.560,26.0
325,20.237,0.0000,0.0000,0.0000,0.0000,0.0000,0.0000,0,intermediate,0,-19.261,26.0
326,21.592,0.0000,0.0000,0.0000,0.0000,0.0000,0.0000,0,intermediate,0,-3.071,26.0
327,19.919,0.0000,0.0000,0.0000,0.0000,0.2000,0.2500,1,amorphous,0,-13.462,26.0
328,22.065,0.0000,0.0000,0.0000,0.0000,0.3333,0.6667,0,intermediate,0,55.464,26.0
329,24.754,0.0000,0.0000,0.0000,0.0000,0.0000,0.0000,0,intermediate,0,-33.456,26.0
330,22.461,0.0000,0.0000,0.0000,0.0000,0.0000,0.0000,0,intermediate,0,-6.412,26.0
331,21.602,0.0000,0.0000,0.0000,0.0000,0.0000,0.0000,0,intermediate,0,41.954,26.0
332,20.451,0.0000,0.0000,0.0000,0.0000,0.1667,0.3333,0,intermediate,0,3.531,26.0
333,25.035,0.0000,0.0000,0.0000,0.0000,0.0000,0.0000,0,intermediate,0,14.698,26.0
334,21.372,0.0389,0.0000,0.1111,0.0000,0.1429,0.5000,0,intermediate,0,-20.684,26.0
335,21.319,0.0000,0.0000,0.0000,0.0000,0.0000,0.0000,0,intermediate,0,-36.263,26.0
336,23.758,0.0000,0.0000,0.0000,0.0000,0.2000,0.3333,0,intermediate,0,23.137,26.0
337,19.513,0.0000,0.0000,0.0000,0.0000,0.2000,0.3333,0,amorphous,0,-46.256,26.0
338,16.616,0.0000,0.0000,0.0000,0.0000,0.0000,0.0000,0,amorphous,0,-0.309,26.0
339,23.874,0.0000,0.0000,0.0000,0.0000,0.0000,0.0000,0,intermediate,0,-21.389,26.0
340,21.601,0.0000,0.0000,0.0000,0.0000,0.5000,0.0000,0,intermediate,0,25.921,26.0
341,20.036,0.0000,0.0000,0.0000,0.0000,0.1250,0.2000,0,intermediate,0,50.460,26.0
342,19.653,0.0000,0.0000,0.0000,0.0000,0.1429,0.3333,0,amorphous,0,31.171,26.0
343,19.650,0.0000,0.0000,0.0000,0.0000,0.2000,0.3333,0,amorphous,0,39.353,26.0
344,17.992,0.0318,0.0000,0.0909,0.0000,0.2000,0.4000,1,amorphous,0,43.587,26.0
345,21.905,0.0000,0.0000,0.0000,0.0000,0.0000,0.0000,0,intermediate,0,38.330,26.0
346,20.947,0.0000,0.0000,0.0000,0.0000,0.0000,0.0000,0,intermediate,0,12.919,26.0
347,22.031,0.0000,0.0000,0.0000,0.0000,0.3333,0.5000,1,intermediate,0,32.667,26.0
348,24.832,0.0000,0.0000,0.0000,0.0000,0.0000,0.0000,0,intermediate,0,51.218,26.0
349,25.608,0.0000,0.0000,0.0000,0.0000,0.0000,0.0000,0,intermediate,0,30.045,26.0
350,26.389,0.0000,0.0000,0.0000,0.0000,0.5000,0.5000,0,intermediate,0,-36.315,26.0
351,24.214,0.0000,0.0000,0.0000,0.0000,0.0000,0.0000,0,intermediate,0,39.914,26.0
352,21.099,0.0437,0.0000,0.1250,0.0000,0.1667,0.5000,0,intermediate,0,31.567,26.0
353,19.933,0.0350,0.0000,0.1000,0.0000,0.1111,0.3333,0,amorphous,0,4.318,26.0
354,24.358,0.0000,0.0000,0.0000,0.0000,0.0000,0.0000,0,intermediate,0,15.393,26.0
355,18.885,0.0000,0.0000,0.0000,0.0000,0.0000,0.0000,0,amorphous,0,5.690,26.0
356,21.271,0.0000,0.0000,0.0000,0.0000,0.4000,0.6667,0,intermediate,0,-13.023,26.0
357,21.983,0.0000,0.0000,0.0000,0.0000,0.0000,0.0000,0,intermediate,0,57.918,26.0
358,18.086,0.0000,0.0000,0.0000,0.0000,0.5000,0.7500,1,amorphous,0,46.570,26.0
359,21.890,0.0000,0.0000,0.0000,0.0000,0.0000,0.0000,0,intermediate,0,11.690,26.0
360,22.697,0.0000,0.0000,0.0000,0.0000,0.3333,0.3333,0,intermediate,0,-33.169,26.0
361,22.350,0.0000,0.0000,0.0000,0.0000,0.0000,0.0000,0,intermediate,0,-38.209,26.0
362,21.117,0.0000,0.0000,0.0000,0.0000,0.3333,0.6667,1,intermediate,0,-0.510,26.0
363,19.638,0.0389,0.0000,0.1111,0.0000,0.2500,0.4000,0,amorphous,0,52.845,26.0
364,18.206,0.0437,0.0000,0.1250,0.0000,0.0000,0.0000,0,amorphous,0,23.863,26.0
365,21.939,0.0000,0.0000,0.0000,0.0000,0.0000,0.0000,0,intermediate,0,58.673,26.0
366,22.503,0.0000,0.0000,0.0000,0.0000,0.1667,0.5000,0,intermediate,0,44.636,26.0
367,25.791,0.0000,0.0000,0.0000,0.0000,0.0000,0.0000,0,intermediate,0,-3.445,26.0
368,19.836,0.0000,0.0000,0.0000,0.0000,0.2500,0.5000,0,amorphous,0,-34.703,26.0
369,22.551,0.0437,0.0000,0.1250,0.0000,0.0000,0.0000,0,intermediate,0,46.759,26.0
370,24.616,0.0000,0.0000,0.0000,0.0000,0.0000,0.0000,0,intermediate,0,27.978,26.0
371,19.686,0.0000,0.0000,0.0000,0.0000,0.0000,0.0000,0,amorphous,0,42.458,26.0
372,17.787,0.0350,0.0000,0.1000,0.0000,0.1111,0.3333,1,amorphous,0,34.193,26.0
373,23.479,0.0000,0.0000,0.0000,0.0000,0.0000,0.0000,0,intermediate,0,-7.744,26.0
374,20.037,0.0437,0.0000,0.1250,0.0000,0.1667,0.5000,1,intermediate,0,-15.655,26.0
375,21.363,0.0437,0.0000,0.1250,0.0000,0.1429,0.2500,0,intermediate,0,44.430,26.0
376,19.608,0.0000,0.0000,0.0000,0.0000,0.0000,0.0000,0,amorphous,0,-20.923,26.0
377,23.085,0.0437,0.0000,0.1250,0.0000,0.0000,0.0000,0,intermediate,0,0.261,26.0
378,22.795,0.0000,0.0000,0.0000,0.0000,0.3333,0.5000,0,intermediate,0,-44.187,26.0
379,20.655,0.0000,0.0000,0.0000,0.0000,0.0000,0.0000,0,intermediate,0,39.709,26.0
380,19.855,0.0000,0.0000,0.0000,0.0000,0.0000,0.0000,0,amorphous,0,-23.799,26.0
381,19.665,0.0000,0.0000,0.0000,0.0000,0.2500,0.0000,0,amorphous,0,-40.786,26.0
382,24.006,0.0000,0.0000,0.0000,0.0000,0.5000,0.5000,0,intermediate,0,36.691,26.0
383,21.332,0.0000,0.0000,0.0000,0.0000,0.5000,0.0000,0,intermediate,0,54.267,26.0
384,18.499,0.0000,0.0000,0.0000,0.0000,0.1667,0.2000,1,amorphous,0,-10.350,26.0
385,20.821,0.0350,0.0000,0.1000,0.0000,0.1111,0.5000,0,intermediate,0,-0.909,26.0
386,21.340,0.0437,0.0000,0.1250,0.0000,0.1429,0.3333,0,intermediate,0,43.148,26.0
387,19.141,0.0000,0.0000,0.0000,0.0000,0.0000,0.0000,0,amorphous,0,28.020,26.0
388,23.482,0.0389,0.0000,0.1111,0.0000,0.0000,0.0000,0,intermediate,0,7.343,26.0
389,24.425,0.0000,0.0000,0.0000,0.0000,0.0000,0.0000,0,intermediate,0,-40.403,26.0
390,20.996,0.0000,0.0000,0.0000,0.0000,0.2500,0.5000,0,intermediate,0,22.494,26.0
391,23.404,0.0875,0.1250,0.1250,0.0000,0.1429,0.5000,0,intermediate,0,-6.327,26.0
392,22.704,0.0000,0.0000,0.0000,0.0000,0.2000,0.3333,1,intermediate,0,13.015,26.0
393,22.396,0.0389,0.0000,0.1111,0.0000,0.1250,0.3333,0,intermediate,0,36.494,26.0
394,20.920,0.0000,0.0000,0.0000,0.0000,0.5000,1.0000,1,intermediate,0,22.443,26.0
395,20.232,0.0318,0.0000,0.0909,0.0000,0.2000,0.5000,0,intermediate,0,0.906,26.0
396,26.520,0.0000,0.0000,0.0000,0.0000,0.6667,1.0000,0,intermediate,0,-22.777,26.0
397,24.943,0.0000,0.0000,0.0000,0.0000,0.0000,0.0000,0,intermediate,0,15.007,26.0
398,27.502,0.0000,0.0000,0.0000,0.0000,0.0000,0.0000,0,intermediate,0,47.243,26.0
399,26.836,0.0000,0.0000,0.0000,0.0000,0.5000,0.5000,0,intermediate,0,-30.739,26.0
400,25.774,0.0000,0.0000,0.0000,0.0000,0.0000,0.0000,0,intermediate,0,-29.724,26.0
401,26.795,0.0000,0.0000,0.0000,0.0000,0.5000,0.0000,0,intermediate,0,-6.773,26.0
402,26.723,0.0000,0.0000,0.0000,0.0000,0.3333,0.8067,0,intermediate,0,12.303,26.0
403,25.288,0.0000,0.0000,0.0000,0.0000,0.6667,1.0000,0,intermediate,0,-3.443,26.0
404,24.610,0.0000,0.0000,0.0000,0.0000,0.0000,0.0000,0,intermediate,0,-27.055,26.0
405,25.630,0.0000,0.0000,0.0000,0.0000,0.3333,0.5000,0,intermediate,0,-21.414,26.0
406,19.896,0.0389,0.0000,0.1111,0.0000,0.2500,0.5000,1,amorphous,0,28.819,26.0
407,26.049,0.0000,0.0000,0.0000,0.0000,0.0000,0.0000,0,intermediate,0,27.825,26.0
408,24.790,0.0000,0.0000,0.0000,0.0000,0.3333,0.5000,1,intermediate,0,25.014,26.0
409,25.696,0.0000,0.0000,0.0000,0.0000,0.0000,0.0000,0,intermediate,0,18.639,26.0
410,25.275,0.0000,0.0000,0.0000,0.0000,0.0000,0.0000,0,intermediate,0,35.589,26.0
411,26.569,0.0000,0.0000,0.0000,0.0000,0.5000,0.5000,0,intermediate,0,50.530,26.0
412,25.186,0.0000,0.0000,0.0000,0.0000,0.0000,0.0000,0,intermediate,0,15.146,26.0
413,26.568,0.0000,0.0000,0.0000,0.0000,0.6667,1.0000,0,intermediate,0,-22.356,26.0
414,26.631,0.0000,0.0000,0.0000,0.0000,1.0000,1.0000,0,intermediate,0,33.102,26.0
415,25.621,0.0000,0.0000,0.0000,0.0000,0.2000,0.3333,0,intermediate,0,29.531,26.0
416,26.293,0.0000,0.0000,0.0000,0.0000,0.6667,1.0000,1,intermediate,0,27.746,26.0
417,24.811,0.0000,0.0000,0.0000,0.0000,0.6667,1.0000,0,intermediate,0,-18.929,26.0
418,24.503,0.0000,0.0000,0.0000,0.0000,0.0000,0.0000,0,intermediate,0,6.764,26.0
419,23.825,0.0000,0.0000,0.0000,0.0000,0.0000,0.0000,0,intermediate,0,14.910,26.0
420,25.310,0.0000,0.0000,0.0000,0.0000,0.0000,0.0000,0,intermediate,0,24.378,26.0
421,26.644,0.0000,0.0000,0.0000,0.0000,0.4000,1.0000,1,intermediate,0,-11.551,26.0
422,25.446,0.0000,0.0000,0.0000,0.0000,1.0000,1.0000,0,intermediate,0,21.292,26.0
423,24.905,0.0000,0.0000,0.0000,0.0000,1.0000,1.0000,0,intermediate,0,15.801,26.0
424,27.075,0.0000,0.0000,0.0000,0.0000,0.5000,1.0000,1,intermediate,0,-9.677,26.0
425,23.332,0.0000,0.0000,0.0000,0.0000,0.0000,0.0000,0,intermediate,0,-10.088,26.0
426,25.800,0.0000,0.0000,0.0000,0.0000,0.2500,0.5000,0,intermediate,0,12.891,26.0
427,23.822,0.0000,0.0000,0.0000,0.0000,0.0000,0.0000,0,intermediate,0,58.863,26.0
428,23.975,0.0000,0.0000,0.0000,0.0000,0.5000,0.0000,0,intermediate,0,2.476,26.0
429,25.864,0.0000,0.0000,0.0000,0.0000,0.6667,0.6667,1,intermediate,0,23.616,26.0
430,26.982,0.0000,0.0000,0.0000,0.0000,0.5000,0.6667,0,intermediate,0,-28.280,26.0
431,24.086,0.0437,0.1250,0.0000,0.0000,0.0000,0.0000,0,intermediate,0,9.054,26.0
432,26.058,0.0000,0.0000,0.0000,0.0000,0.3333,0.5000,0,intermediate,0,0.508,26.0
433,25.496,0.0389,0.0000,0.1111,0.0000,0.0000,0.0000,0,intermediate,0,1.195,26.0
434,24.785,0.0000,0.0000,0.0000,0.0000,0.0000,0.0000,0,intermediate,0,-5.225,26.0
435,26.810,0.0000,0.0000,0.0000,0.0000,0.2500,0.0000,0,intermediate,0,42.596,26.0
436,24.925,0.0437,0.0000,0.1250,0.0000,0.1429,0.2500,1,intermediate,0,-0.154,26.0
437,26.444,0.0000,0.0000,0.0000,0.0000,1.0000,0.0000,0,intermediate,0,-23.978,26.0
438,24.194,0.0000,0.0000,0.0000,0.0000,0.0000,0.0000,0,intermediate,0,-11.862,26.0
439,24.348,0.0437,0.0000,0.1250,0.0000,0.2857,0.6667,0,intermediate,0,-18.587,26.0
440,27.217,0.0000,0.0000,0.0000,0.0000,0.0000,0.0000,0,intermediate,0,55.700,26.0
441,20.116,0.0000,0.0000,0.0000,0.0000,0.0000,0.0000,0,intermediate,0,-45.161,26.0
442,25.768,0.0000,0.0000,0.0000,0.0000,0.3333,0.0000,0,intermediate,0,-0.173,26.0
443,26.757,0.0000,0.0000,0.0000,0.0000,0.0000,0.0000,0,intermediate,0,-35.736,26.0
444,25.848,0.0000,0.0000,0.0000,0.0000,0.2000,0.0000,0,intermediate,0,-24.975,26.0
445,25.210,0.0000,0.0000,0.0000,0.0000,0.3333,0.0000,0,intermediate,0,26.858,26.0
446,23.213,0.0000,0.0000,0.0000,0.0000,0.0000,0.0000,0,intermediate,0,-26.505,26.0
447,25.288,0.0000,0.0000,0.0000,0.0000,0.3333,0.5000,1,intermediate,0,27.447,26.0
448,25.264,0.0000,0.0000,0.0000,0.0000,0.6667,1.0000,1,intermediate,0,21.783,26.0
449,25.845,0.0000,0.0000,0.0000,0.0000,0.0000,0.0000,0,intermediate,0,-49.129,26.0
450,25.941,0.0000,0.0000,0.0000,0.0000,0.0000,0.0000,0,intermediate,0,-21.886,26.0
451,26.713,0.0000,0.0000,0.0000,0.0000,0.5000,0.0000,0,intermediate,0,-33.744,26.0
452,21.021,0.0437,0.1250,0.0000,0.0000,0.4286,0.7500,1,intermediate,0,48.597,26.0
453,25.898,0.0000,0.0000,0.0000,0.0000,0.5000,0.0000,0,intermediate,0,-8.617,26.0
454,26.458,0.0000,0.0000,0.0000,0.0000,0.0000,0.0000,0,intermediate,0,-16.634,26.0
455,28.297,0.0000,0.0000,0.0000,0.0000,0.3333,0.0000,0,intermediate,0,-20.341,26.0
456,26.352,0.0000,0.0000,0.0000,0.0000,0.5000,0.6667,1,intermediate,0,7.981,26.0
457,27.493,0.0000,0.0000,0.0000,0.0000,0.3333,0.0000,0,intermediate,0,24.882,26.0
458,22.595,0.0000,0.0000,0.0000,0.0000,0.0000,0.0000,0,intermediate,0,48.834,26.0
459,27.098,0.0000,0.0000,0.0000,0.0000,0.5000,0.0000,0,intermediate,0,-28.483,26.0
460,25.887,0.0000,0.0000,0.0000,0.0000,0.0000,0.0000,0,intermediate,0,13.303,26.0
461,22.322,0.0000,0.0000,0.0000,0.0000,0.0000,0.0000,0,intermediate,0,49.487,26.0
462,26.326,0.0000,0.0000,0.0000,0.0000,0.2500,0.5000,0,intermediate,0,11.486,26.0
463,26.098,0.0000,0.0000,0.0000,0.0000,0.0000,0.0000,0,intermediate,0,41.592,26.0
464,25.781,0.0000,0.0000,0.0000,0.0000,0.0000,0.0000,0,intermediate,0,-31.603,26.0
465,25.301,0.0000,0.0000,0.0000,0.0000,0.2000,0.3333,0,intermediate,0,43.841,26.0
466,26.339,0.0000,0.0000,0.0000,0.0000,1.0000,0.0000,0,intermediate,0,-10.683,26.0
467,26.228,0.0000,0.0000,0.0000,0.0000,0.2500,0.3333,0,intermediate,0,-23.877,26.0
468,26.414,0.0000,0.0000,0.0000,0.0000,1.0000,0.0000,0,intermediate,0,10.805,26.0
469,24.994,0.0000,0.0000,0.0000,0.0000,0.0000,0.0000,0,intermediate,0,-21.466,26.0
470,29.912,0.0000,0.0000,0.0000,0.0000,1.0000,0.0000,0,intermediate,0,26.490,26.0
471,26.806,0.0000,0.0000,0.0000,0.0000,0.0000,0.0000,0,intermediate,0,5.185,26.0
472,27.944,0.0000,0.0000,0.0000,0.0000,0.3333,0.0000,0,intermediate,0,-10.936,26.0
473,29.149,0.0000,0.0000,0.0000,0.0000,0.0000,0.0000,0,intermediate,0,21.121,26.0
474,27.276,0.0000,0.0000,0.0000,0.0000,0.2500,0.5000,0,intermediate,0,-10.093,26.0
475,23.795,0.0000,0.0000,0.0000,0.0000,0.0000,0.0000,0,intermediate,0,15.285,26.0
476,27.324,0.0000,0.0000,0.0000,0.0000,0.0000,0.0000,0,intermediate,0,41.185,26.0
477,27.636,0.0000,0.0000,0.0000,0.0000,1.0000,0.0000,0,intermediate,0,38.627,26.0
478,27.618,0.0000,0.0000,0.0000,0.0000,0.2000,0.5000,0,intermediate,0,-20.049,26.0
479,27.067,0.0000,0.0000,0.0000,0.0000,0.0000,0.0000,0,intermediate,0,1.901,26.0
480,27.380,0.0000,0.0000,0.0000,0.0000,0.5000,0.0000,0,intermediate,0,33.768,26.0
481,25.534,0.0000,0.0000,0.0000,0.0000,0.0000,0.0000,0,intermediate,0,11.674,26.0
482,24.762,0.0000,0.0000,0.0000,0.0000,0.0000,0.0000,0,intermediate,0,-21.630,26.0
483,27.929,0.0000,0.0000,0.0000,0.0000,0.0000,0.0000,0,intermediate,0,6.519,26.0
484,24.153,0.0000,0.0000,0.0000,0.0000,0.0000,0.0000,0,intermediate,0,19.409,26.0
485,27.639,0.0000,0.0000,0.0000,0.0000,0.0000,0.0000,0,intermediate,0,-16.720,26.0
486,27.779,0.0000,0.0000,0.0000,0.0000,0.5000,0.0000,0,intermediate,0,53.776,26.0
487,26.505,0.0000,0.0000,0.0000,0.0000,0.0000,0.0000,0,intermediate,0,15.755,26.0
488,26.805,0.0000,0.0000,0.0000,0.0000,0.3333,0.5000,0,intermediate,0,25.018,26.0
489,25.376,0.0000,0.0000,0.0000,0.0000,1.0000,0.0000,0,intermediate,0,-13.951,26.0
490,27.620,0.0000,0.0000,0.0000,0.0000,0.0000,0.0000,0,intermediate,0,5.131,26.0
491,26.571,0.0000,0.0000,0.0000,0.0000,0.0000,0.0000,0,intermediate,0,-19.256,26.0
492,25.810,0.0000,0.0000,0.0000,0.0000,0.3333,0.5000,0,intermediate,0,-1.096,26.0
493,26.446,0.0000,0.0000,0.0000,0.0000,0.0000,0.0000,0,intermediate,0,0.346,26.0
494,29.185,0.0000,0.0000,0.0000,0.0000,0.0000,0.0000,0,intermediate,0,-34.133,26.0
495,29.371,0.0000,0.0000,0.0000,0.0000,0.0000,0.0000,0,intermediate,0,19.397,26.0
496,27.844,0.0000,0.0000,0.0000,0.0000,0.0000,0.0000,0,intermediate,0,43.880,26.0
497,24.741,0.0000,0.0000,0.0000,0.0000,0.0000,0.0000,0,intermediate,0,5.679,26.0
498,27.705,0.0000,0.0000,0.0000,0.0000,0.0000,0.0000,0,intermediate,0,41.552,26.0
499,23.870,0.0000,0.0000,0.0000,0.0000,0.0000,0.0000,0,intermediate,0,-50.583,26.0
500,25.413,0.0000,0.0000,0.0000,0.0000,0.2500,0.5000,1,intermediate,0,30.454,26.0
501,25.185,0.0000,0.0000,0.0000,0.0000,0.1667,0.0000,0,intermediate,0,5.425,26.0
502,28.822,0.0000,0.0000,0.0000,0.0000,0.0000,0.0000,0,intermediate,0,38.144,26.0
503,25.158,0.0437,0.0000,0.1250,0.0000,0.0000,0.0000,0,intermediate,0,-14.427,26.0
504,25.267,0.0000,0.0000,0.0000,0.0000,0.0000,0.0000,0,intermediate,0,50.170,26.0
505,27.085,0.0000,0.0000,0.0000,0.0000,0.0000,0.0000,0,intermediate,0,-11.979,26.0
506,22.595,0.0000,0.0000,0.0000,0.0000,0.0000,0.0000,0,intermediate,0,-41.625,26.0
507,25.662,0.0000,0.0000,0.0000,0.0000,0.0000,0.0000,0,intermediate,0,-5.254,26.0
508,26.378,0.0000,0.0000,0.0000,0.0000,0.0000,0.0000,0,intermediate,0,21.490,26.0
509,25.594,0.0000,0.0000,0.0000,0.0000,0.0000,0.0000,0,intermediate,0,-39.391,26.0
510,30.029,0.0000,0.0000,0.0000,0.0000,0.2500,0.0000,0,amorphous,0,-21.172,26.0
511,30.340,0.0000,0.0000,0.0000,0.0000,0.0000,0.0000,0,amorphous,0,-41.171,26.0
512,24.455,0.0000,0.0000,0.0000,0.0000,0.0000,0.0000,0,intermediate,0,-42.932,26.0
513,29.261,0.0000,0.0000,0.0000,0.0000,0.0000,0.0000,0,intermediate,0,-46.030,26.0
514,21.612,0.0000,0.0000,0.0000,0.0000,0.2500,0.5000,1,intermediate,0,27.174,26.0
515,29.050,0.0000,0.0000,0.0000,0.0000,0.0000,0.0000,0,intermediate,0,40.914,26.0
516,25.692,0.0000,0.0000,0.0000,0.0000,0.5000,0.0000,0,intermediate,0,-47.693,26.0
517,28.873,0.0000,0.0000,0.0000,0.0000,0.5000,0.0000,0,intermediate,0,40.426,26.0
518,22.759,0.0000,0.0000,0.0000,0.0000,0.0000,0.0000,0,intermediate,0,-27.624,26.0
519,28.116,0.0000,0.0000,0.0000,0.0000,0.3333,0.0000,0,intermediate,0,58.681,26.0
520,28.616,0.0000,0.0000,0.0000,0.0000,0.0000,0.0000,0,intermediate,0,65.353,26.0
521,27.498,0.0000,0.0000,0.0000,0.0000,0.0000,0.0000,0,intermediate,0,-36.558,26.0
522,25.553,0.0000,0.0000,0.0000,0.0000,0.3333,0.0000,0,intermediate,0,-51.562,26.0
523,30.417,0.0000,0.0000,0.0000,0.0000,0.0000,0.0000,0,amorphous,0,3.715,26.0
524,27.778,0.0000,0.0000,0.0000,0.0000,0.0000,0.0000,0,intermediate,0,64.292,26.0
525,26.138,0.0000,0.0000,0.0000,0.0000,0.0000,0.0000,0,intermediate,0,59.326,26.0
526,31.907,0.0000,0.0000,0.0000,0.0000,0.0000,0.0000,0,amorphous,0,33.573,26.0
527,24.924,0.0389,0.0000,0.1111,0.0000,0.1250,0.5000,0,intermediate,0,48.808,26.0
528,28.644,0.0000,0.0000,0.0000,0.0000,0.0000,0.0000,0,intermediate,0,62.644,26.0
529,22.671,0.0000,0.0000,0.0000,0.0000,0.2000,0.5000,1,intermediate,0,30.935,26.0
530,28.633,0.0000,0.0000,0.0000,0.0000,0.0000,0.0000,0,intermediate,0,61.490,26.0
531,26.930,0.0000,0.0000,0.0000,0.0000,0.0000,0.0000,0,intermediate,0,56.768,26.0
532,25.015,0.0000,0.0000,0.0000,0.0000,0.0000,0.0000,0,intermediate,0,-36.887,26.0
533,29.218,0.0000,0.0000,0.0000,0.0000,0.0000,0.0000,0,intermediate,0,66.358,26.0
534,27.501,0.0000,0.0000,0.0000,0.0000,0.0000,0.0000,0,intermediate,0,-52.745,26.0
535,28.643,0.0000,0.0000,0.0000,0.0000,0.0000,0.0000,0,intermediate,0,-48.468,26.0
536,27.752,0.0000,0.0000,0.0000,0.0000,0.0000,0.0000,0,intermediate,0,56.155,26.0
537,28.864,0.0000,0.0000,0.0000,0.0000,0.0000,0.0000,0,intermediate,0,54.500,26.0
538,28.784,0.0000,0.0000,0.0000,0.0000,0.0000,0.0000,0,intermediate,0,-20.500,26.0
539,30.859,0.0000,0.0000,0.0000,0.0000,0.0000,0.0000,0,amorphous,0,-53.127,26.0
540,23.211,0.0000,0.0000,0.0000,0.0000,0.0000,0.0000,0,intermediate,0,-49.042,26.0
541,30.325,0.0000,0.0000,0.0000,0.0000,0.0000,0.0000,0,amorphous,0,-47.912,26.0
542,27.090,0.0000,0.0000,0.0000,0.0000,0.0000,0.0000,0,intermediate,0,-51.196,26.0
543,29.557,0.0000,0.0000,0.0000,0.0000,0.0000,0.0000,0,intermediate,0,42.820,26.0
544,26.052,0.0000,0.0000,0.0000,0.0000,0.0000,0.0000,0,intermediate,0,44.708,26.0
545,25.112,0.0000,0.0000,0.0000,0.0000,0.0000,0.0000,0,intermediate,0,-51.184,26.0
546,30.340,0.0000,0.0000,0.0000,0.0000,0.0000,0.0000,0,amorphous,0,67.996,26.0
547,27.987,0.0000,0.0000,0.0000,0.0000,0.0000,0.0000,0,intermediate,0,-51.471,26.0
548,25.955,0.0000,0.0000,0.0000,0.0000,0.0000,0.0000,0,intermediate,0,41.678,26.0
549,27.445,0.0000,0.0000,0.0000,0.0000,0.0000,0.0000,0,intermediate,0,47.140,26.0
550,28.986,0.0000,0.0000,0.0000,0.0000,0.3333,0.5000,0,intermediate,0,45.847,26.0
551,28.915,0.0000,0.0000,0.0000,0.0000,0.0000,0.0000,0,intermediate,0,63.510,26.0
552,28.116,0.0000,0.0000,0.0000,0.0000,0.0000,0.0000,0,intermediate,0,61.717,26.0
553,26.924,0.0000,0.0000,0.0000,0.0000,0.0000,0.0000,0,intermediate,0,-39.321,26.0
554,30.308,0.0000,0.0000,0.0000,0.0000,0.0000,0.0000,0,amorphous,0,69.045,26.0
555,27.357,0.0000,0.0000,0.0000,0.0000,1.0000,0.0000,0,intermediate,0,-42.477,26.0
556,25.835,0.0000,0.0000,0.0000,0.0000,0.2500,0.0000,0,intermediate,0,-37.392,26.0
557,5.330,0.0093,0.0000,0.0267,0.0000,0.2329,0.4608,0,amorphous,0,8.207,26.0
558,8.571,0.0238,0.0366,0.0000,0.0366,0.1000,0.2881,0,amorphous,0,16.399,26.0
559,6.576,0.0106,0.0000,0.0303,0.0000,0.2188,0.4379,0,amorphous,0,-1.625,26.0
560,7.315,0.0142,0.0405,0.0000,0.0000,0.2778,0.5104,0,amorphous,0,20.041,26.0
561,8.452,0.0104,0.0000,0.0299,0.0000,0.3030,0.5104,0,amorphous,0,-11.373,26.0
562,6.645,0.0135,0.0385,0.0000,0.0000,0.1447,0.3475,0,amorphous,0,12.120,26.0
563,9.007,0.0264,0.0405,0.0000,0.0405,0.2055,0.4341,0,amorphous,0,-5.757,26.0
564,9.897,0.0113,0.0000,0.0323,0.0000,0.2295,0.4257,0,amorphous,0,-11.475,26.0
565,7.995,0.0280,0.0400,0.0400,0.0000,0.1429,0.3588,0,amorphous,0,27.112,26.0
566,7.679,0.0152,0.0000,0.0435,0.0000,0.1970,0.4821,0,amorphous,0,2.764,26.0
567,6.141,0.0257,0.0395,0.0000,0.0395,0.2133,0.4419,0,amorphous,0,13.323,26.0
568,7.903,0.0111,0.0000,0.0317,0.0000,0.2258,0.4900,0,amorphous,0,23.846,26.0
569,8.215,0.0106,0.0000,0.0303,0.0000,0.1875,0.4400,0,amorphous,0,-15.222,26.0
570,9.533,0.0099,0.0000,0.0282,0.0000,0.2143,0.4230,0,amorphous,0,22.176,26.0
571,6.625,0.0099,0.0000,0.0282,0.0000,0.2429,0.5264,0,amorphous,0,-0.537,26.0
572,8.137,0.0111,0.0000,0.0317,0.0000,0.0968,0.2938,0,amorphous,0,-13.989,26.0
573,9.351,0.0109,0.0000,0.0312,0.0000,0.1587,0.4032,0,amorphous,0,-14.095,26.0
574,8.730,0.0144,0.0411,0.0000,0.0000,0.2958,0.5362,0,amorphous,0,-11.530,26.0
575,8.281,0.0111,0.0000,0.0317,0.0000,0.1311,0.3686,0,amorphous,0,1.176,26.0
576,7.429,0.0117,0.0000,0.0333,0.0000,0.1864,0.4456,0,amorphous,0,22.998,26.0
577,5.680,0.0133,0.0380,0.0000,0.0000,0.2436,0.4855,0,amorphous,0,11.790,26.0
578,5.902,0.0131,0.0375,0.0000,0.0000,0.2278,0.4673,0,amorphous,0,11.673,26.0
579,8.273,0.0119,0.0000,0.0339,0.0000,0.1930,0.4295,0,amorphous,0,5.713,26.0
580,5.487,0.0106,0.0000,0.0303,0.0000,0.2308,0.4661,0,amorphous,0,5.389,26.0
581,7.808,0.0140,0.0400,0.0000,0.0000,0.2027,0.4127,0,amorphous,0,11.191,26.0
582,8.559,0.0264,0.0405,0.0000,0.0405,0.1944,0.3900,0,amorphous,0,-7.638,26.0
583,7.623,0.0148,0.0423,0.0000,0.0000,0.2571,0.4862,0,amorphous,0,-8.303,26.0
584,7.232,0.0135,0.0385,0.0000,0.0000,0.1711,0.3764,0,amorphous,0,12.204,26.0
585,6.995,0.0125,0.0357,0.0000,0.0000,0.1928,0.4419,0,amorphous,0,15.161,26.0
586,7.656,0.0103,0.0000,0.0294,0.0000,0.2537,0.4800,0,amorphous,0,-13.756,26.0
587,7.832,0.0111,0.0000,0.0317,0.0000,0.2742,0.5995,0,amorphous,0,24.540,26.0
588,5.781,0.0108,0.0000,0.0308,0.0000,0.2188,0.4815,0,amorphous,0,8.516,26.0
589,7.407,0.0182,0.0000,0.0000,0.0606,0.1613,0.4178,0,amorphous,0,29.131,26.0
590,7.763,0.0235,0.0361,0.0000,0.0361,0.1728,0.3993,0,amorphous,0,15.484,26.0
591,9.307,0.0247,0.0380,0.0000,0.0380,0.2727,0.4959,0,amorphous,0,17.799,26.0
592,9.058,0.0137,0.0392,0.0000,0.0000,0.1800,0.4303,0,amorphous,0,-15.611,26.0
593,5.948,0.0106,0.0000,0.0303,0.0000,0.2031,0.4108,0,amorphous,0,-10.995,26.0
594,9.259,0.0333,0.0513,0.0000,0.0513,0.2368,0.5000,0,intermediate,0,-19.025,26.0
595,7.366,0.0135,0.0385,0.0000,0.0000,0.1373,0.3814,0,amorphous,0,-17.652,26.0
596,5.073,0.0154,0.0441,0.0000,0.0000,0.2576,0.5178,0,amorphous,0,-5.767,26.0
597,8.068,0.0111,0.0000,0.0317,0.0000,0.2167,0.4821,0,amorphous,0,24.660,26.0
598,9.390,0.0117,0.0000,0.0333,0.0000,0.1864,0.4150,0,amorphous,0,22.865,26.0
599,6.860,0.0148,0.0000,0.0423,0.0000,0.1159,0.3400,0,amorphous,0,2.058,26.0
600,7.244,0.0271,0.0417,0.0000,0.0417,0.1972,0.4092,0,amorphous,0,-5.929,26.0
601,7.014,0.0000,0.0000,0.0000,0.0000,0.2500,0.4990,0,amorphous,0,20.715,26.0
602,9.252,0.0130,0.0370,0.0000,0.0000,0.1500,0.3753,0,amorphous,0,20.256,26.0
603,5.962,0.0304,0.0000,0.0870,0.0000,0.1818,0.3333,0,amorphous,0,32.113,26.0
604,7.947,0.0250,0.0385,0.0000,0.0385,0.3117,0.5334,0,amorphous,0,18.730,26.0
605,6.558,0.0229,0.0000,0.0286,0.0429,0.2353,0.4537,0,amorphous,0,-3.669,26.0
606,4.913,0.0113,0.0000,0.0323,0.0000,0.1475,0.3900,0,amorphous,0,-15.145,26.0
607,7.337,0.0250,0.0385,0.0000,0.0385,0.1558,0.3335,0,amorphous,0,17.126,26.0
608,6.378,0.0127,0.0361,0.0000,0.0000,0.2195,0.4796,0,amorphous,0,15.346,26.0
609,9.166,0.0241,0.0370,0.0000,0.0370,0.2278,0.4400,0,amorphous,0,18.848,26.0
610,8.393,0.0260,0.0400,0.0000,0.0400,0.2297,0.5017,0,amorphous,0,-6.484,26.0
611,8.817,0.0144,0.0411,0.0000,0.0000,0.2361,0.4608,0,amorphous,0,19.725,26.0
612,5.426,0.0279,0.0429,0.0000,0.0429,0.2464,0.5264,0,amorphous,0,17.076,26.0
613,6.814,0.0219,0.0000,0.0274,0.0411,0.1806,0.4000,0,amorphous,0,-4.833,26.0
614,8.755,0.0172,0.0492,0.0000,0.0000,0.1333,0.3400,0,amorphous,0,14.828,26.0
615,7.583,0.0292,0.0417,0.0417,0.0000,0.1333,0.3622,0,amorphous,0,-14.932,26.0
616,5.657,0.0167,0.0476,0.0000,0.0000,0.2097,0.4355,0,amorphous,0,-7.896,26.0
617,9.460,0.0250,0.0429,0.0286,0.0000,0.2609,0.4796,0,amorphous,0,-11.807,26.0
618,6.445,0.0260,0.0400,0.0000,0.0400,0.1622,0.3800,0,amorphous,0,13.354,26.0
619,9.085,0.0159,0.0455,0.0000,0.0000,0.2791,0.5150,0,amorphous,0,25.458,26.0
620,7.164,0.0131,0.0375,0.0000,0.0000,0.1667,0.3807,0,amorphous,0,15.857,26.0
621,7.395,0.0111,0.0000,0.0317,0.0000,0.1452,0.3595,0,amorphous,0,23.878,26.0
622,9.521,0.0113,0.0000,0.0323,0.0000,0.1967,0.4257,0,amorphous,0,-13.578,26.0
623,6.551,0.0132,0.0377,0.0000,0.0000,0.2115,0.4948,0,amorphous,0,-16.730,26.0
624,8.605,0.0247,0.0380,0.0000,0.0380,0.2105,0.4537,0,amorphous,0,15.074,26.0
625,7.697,0.0278,0.0476,0.0317,0.0000,0.1803,0.4456,0,amorphous,0,-10.761,26.0
626,5.618,0.0257,0.0395,0.0000,0.0395,0.1081,0.3033,0,amorphous,0,12.724,26.0
627,4.933,0.0152,0.0000,0.0435,0.0000,0.0597,0.1143,0,amorphous,0,8.606,26.0
628,7.585,0.0253,0.0390,0.0000,0.0390,0.0921,0.2800,0,amorphous,0,-5.987,26.0
629,6.746,0.0117,0.0000,0.0333,0.0000,0.1404,0.3981,0,amorphous,0,10.856,26.0
630,8.581,0.0162,0.0000,0.0000,0.0541,0.2222,0.4878,0,amorphous,0,29.005,26.0
631,7.900,0.0253,0.0390,0.0000,0.0390,0.1447,0.3264,0,amorphous,0,17.040,26.0
632,7.660,0.0148,0.0423,0.0000,0.0000,0.2000,0.4092,0,amorphous,0,-8.641,26.0
633,5.429,0.0113,0.0000,0.0323,0.0000,0.1803,0.4295,0,amorphous,0,-13.368,26.0
634,7.068,0.0143,0.0408,0.0000,0.0000,0.1875,0.4503,0,amorphous,0,-17.442,26.0
635,5.130,0.0000,0.0000,0.0000,0.0000,0.1154,0.3708,0,amorphous,0,22.659,26.0
636,3.502,0.0108,0.0000,0.0308,0.0000,0.1562,0.4341,0,amorphous,0,7.371,26.0
637,8.282,0.0260,0.0400,0.0000,0.0400,0.1757,0.4000,0,amorphous,0,-6.833,26.0
638,6.380,0.0113,0.0000,0.0323,0.0000,0.0667,0.2426,0,amorphous,0,23.799,26.0
639,4.731,0.0000,0.0000,0.0000,0.0000,0.1000,0.3900,0,amorphous,0,-20.708,26.0
640,7.459,0.0169,0.0000,0.0484,0.0000,0.1967,0.4327,0,amorphous,0,4.681,26.0
641,6.917,0.0000,0.0000,0.0000,0.0000,0.1571,0.3692,0,amorphous,0,21.807,26.0
642,5.164,0.0247,0.0380,0.0000,0.0380,0.1600,0.3800,0,amorphous,0,14.912,26.0
643,1.122,0.0153,0.0000,0.0000,0.0508,0.2105,0.4477,0,amorphous,0,12.684,26.0
644,8.045,0.0271,0.0417,0.0000,0.0417,0.2394,0.4733,0,amorphous,0,-6.505,26.0
645,7.223,0.0109,0.0000,0.0312,0.0000,0.1905,0.4127,0,amorphous,0,23.093,26.0
646,6.304,0.0000,0.0000,0.0000,0.0000,0.1724,0.5567,0,amorphous,0,-21.100,26.0
647,8.078,0.0379,0.0429,0.0286,0.0429,0.1304,0.3131,0,amorphous,0,-7.517,26.0
648,4.825,0.0154,0.0441,0.0000,0.0000,0.1538,0.4257,0,amorphous,0,18.355,26.0
649,3.457,0.0361,0.0000,0.0556,0.0556,0.1429,0.2941,0,intermediate,0,-18.198,26.0
650,4.756,0.0194,0.0000,0.0556,0.0000,0.1176,0.4000,0,amorphous,0,-20.973,26.0
651,7.774,0.0103,0.0000,0.0294,0.0000,0.1364,0.3708,0,amorphous,0,1.413,26.0
652,7.670,0.0101,0.0000,0.0290,0.0000,0.1194,0.3351,0,amorphous,0,1.947,26.0
653,3.691,0.0000,0.0000,0.0000,0.0000,0.2333,0.5000,0,amorphous,0,26.638,26.0
654,7.762,0.0150,0.0429,0.0000,0.0000,0.2174,0.4461,0,amorphous,0,19.372,26.0
655,8.009,0.0225,0.0000,0.0282,0.0423,0.1857,0.3900,0,amorphous,0,-4.437,26.0
656,2.692,0.0000,0.0000,0.0000,0.0000,0.0800,0.3400,0,amorphous,0,-14.939,26.0
657,2.897,0.0000,0.0000,0.0000,0.0000,0.2105,0.6400,0,amorphous,0,21.498,26.0
658,5.749,0.0150,0.0000,0.0000,0.0500,0.1525,0.4614,0,amorphous,0,15.781,26.0
659,3.183,0.0162,0.0462,0.0000,0.0000,0.1270,0.3451,0,amorphous,0,9.341,26.0
660,9.304,0.0253,0.0390,0.0000,0.0390,0.1781,0.4000,0,amorphous,0,16.739,26.0
661,4.020,0.0271,0.0417,0.0000,0.0417,0.2000,0.4092,0,amorphous,0,12.976,26.0
662,5.372,0.0175,0.0000,0.0500,0.0000,0.2069,0.4643,0,amorphous,0,4.446,26.0
663,6.909,0.0123,0.0000,0.0351,0.0000,0.1636,0.4733,0,amorphous,0,19.842,26.0
664,3.091,0.0143,0.0408,0.0000,0.0000,0.0833,0.1818,0,amorphous,0,-7.077,26.0
665,7.391,0.0101,0.0000,0.0290,0.0000,0.3284,0.5800,0,amorphous,0,-10.193,26.0
666,2.935,0.0250,0.0000,0.0000,0.0833,0.1364,0.3333,0,amorphous,0,-1.148,26.0
667,2.335,0.0292,0.0000,0.0833,0.0000,0.1818,0.6400,0,amorphous,0,35.549,26.0
668,6.158,0.0246,0.0423,0.0282,0.0000,0.1714,0.3800,0,amorphous,0,-8.670,26.0
669,6.928,0.0089,0.0000,0.0253,0.0000,0.2027,0.4661,0,amorphous,0,8.739,26.0
670,5.702,0.0119,0.0000,0.0339,0.0000,0.1552,0.4047,0,amorphous,0,-3.339,26.0
671,3.539,0.0000,0.0000,0.0000,0.0000,0.0000,0.0000,0,amorphous,0,13.304,26.0
672,6.023,0.0000,0.0000,0.0000,0.0000,0.1000,0.3708,0,amorphous,0,-8.219,26.0
673,8.615,0.0283,0.0435,0.0000,0.0435,0.1515,0.3964,0,amorphous,0,-6.711,26.0
674,6.507,0.0330,0.0566,0.0377,0.0000,0.1765,0.3214,0,amorphous,0,14.149,26.0
675,6.578,0.0350,0.0000,0.1000,0.0000,0.1111,0.2000,0,amorphous,0,39.313,26.0
676,5.081,0.0318,0.0000,0.0909,0.0000,0.2000,0.3333,0,amorphous,0,33.215,26.0
677,3.727,0.0250,0.0000,0.0714,0.0000,0.1538,0.3400,0,amorphous,0,-24.769,26.0
678,6.379,0.0156,0.0444,0.0000,0.0000,0.1591,0.3588,0,amorphous,0,22.876,26.0
679,3.179,0.0194,0.0000,0.0556,0.0000,0.0588,0.1429,0,amorphous,0,-16.675,26.0
680,5.930,0.0000,0.0000,0.0000,0.0000,0.0476,0.1111,0,amorphous,0,35.771,26.0
681,5.321,0.0127,0.0000,0.0364,0.0000,0.1667,0.4733,0,amorphous,0,8.269,26.0
682,3.947,0.0184,0.0000,0.0526,0.0000,0.0556,0.1111,0,amorphous,0,-16.906,26.0
683,5.606,0.0389,0.0000,0.1111,0.0000,0.2500,0.8067,1,amorphous,0,23.274,26.0
684,4.049,0.0000,0.0000,0.0000,0.0000,0.0000,0.0000,0,amorphous,0,-18.088,26.0
685,9.504,0.0350,0.0000,0.1000,0.0000,0.0000,0.0000,0,amorphous,0,-7.042,26.0
686,4.712,0.0229,0.0000,0.0286,0.0429,0.1739,0.3800,0,amorphous,0,13.580,26.0
687,8.334,0.0158,0.0000,0.0000,0.0526,0.3243,0.5686,0,amorphous,0,28.862,26.0
688,8.390,0.0206,0.0000,0.0588,0.0000,0.0667,0.1667,0,amorphous,0,-8.951,26.0
689,3.017,0.0000,0.0000,0.0000,0.0000,0.2222,0.6400,0,amorphous,0,-26.468,26.0
690,5.927,0.0333,0.0513,0.0000,0.0513,0.2632,0.6663,0,intermediate,0,23.478,26.0
691,4.125,0.0233,0.0000,0.0667,0.0000,0.2857,0.8067,0,amorphous,0,28.683,26.0
692,4.300,0.0382,0.0000,0.0588,0.0588,0.0909,0.1667,0,intermediate,0,-19.705,26.0
693,3.081,0.0135,0.0000,0.0385,0.0000,0.0816,0.3753,0,amorphous,0,6.042,26.0
694,4.906,0.0162,0.0000,0.0000,0.0541,0.0857,0.2650,0,amorphous,0,2.958,26.0
695,7.626,0.0318,0.0000,0.0909,0.0000,0.1000,0.2500,0,amorphous,0,33.025,26.0
696,6.255,0.0000,0.0000,0.0000,0.0000,0.1333,0.4733,0,amorphous,0,-10.154,26.0
697,5.097,0.0432,0.0000,0.0455,0.0909,0.1429,0.6000,0,intermediate,0,-11.981,26.0
698,7.917,0.0000,0.0000,0.0000,0.0000,0.5000,0.5000,0,amorphous,0,-28.247,26.0
699,11.400,0.0000,0.0000,0.0000,0.0000,0.4000,0.6667,1,amorphous,0,20.095,26.0
700,5.580,0.0318,0.0000,0.0909,0.0000,0.1000,0.3333,0,amorphous,0,41.595,26.0
701,4.548,0.0171,0.0488,0.0000,0.0000,0.0500,0.1250,0,amorphous,0,14.655,26.0
702,2.616,0.0159,0.0000,0.0455,0.0000,0.0500,0.1429,0,amorphous,0,2.187,26.0
703,6.880,0.0000,0.0000,0.0000,0.0000,0.1500,0.2727,0,amorphous,0,5.756,26.0
704,11.051,0.0000,0.0000,0.0000,0.0000,0.3333,0.8067,0,amorphous,0,-25.423,26.0
705,5.104,0.0000,0.0000,0.0000,0.0000,0.0000,0.0000,0,amorphous,0,40.093,26.0
706,5.384,0.0437,0.1250,0.0000,0.0000,0.1429,0.2500,0,intermediate,0,21.433,26.0
707,3.077,0.0000,0.0000,0.0000,0.0000,0.1071,0.4400,0,amorphous,0,13.293,26.0
708,7.223,0.0350,0.0000,0.1000,0.0000,0.0000,0.0000,0,amorphous,0,-7.444,26.0
709,7.581,0.0292,0.0000,0.0833,0.0000,0.0000,0.0000,0,amorphous,0,33.028,26.0
710,10.468,0.0437,0.0000,0.1250,0.0000,0.2857,0.4000,0,amorphous,0,-25.608,26.0
711,3.151,0.0000,0.0000,0.0000,0.0000,0.0800,0.2000,0,amorphous,0,-2.833,26.0
712,4.343,0.0269,0.0000,0.0769,0.0000,0.2500,0.5000,0,amorphous,0,-28.348,26.0
713,7.580,0.0219,0.0000,0.0625,0.0000,0.0000,0.0000,0,amorphous,0,12.162,26.0
714,8.367,0.0187,0.0000,0.0000,0.0625,0.0435,0.0952,0,amorphous,0,-2.942,26.0
715,8.180,0.0158,0.0000,0.0000,0.0526,0.1389,0.4341,0,amorphous,0,-7.798,26.0
716,4.915,0.0318,0.0000,0.0909,0.0000,0.2000,0.3333,0,amorphous,0,-19.308,26.0
717,9.064,0.0000,0.0000,0.0000,0.0000,0.0000,0.0000,0,amorphous,0,-5.658,26.0
718,8.051,0.0000,0.0000,0.0000,0.0000,0.0000,0.0000,0,amorphous,0,-16.213,26.0
719,4.554,0.0233,0.0000,0.0667,0.0000,0.0714,0.2000,0,amorphous,0,-22.481,26.0
720,9.587,0.0000,0.0000,0.0000,0.0000,0.0000,0.0000,0,amorphous,0,-30.336,26.0
721,8.193,0.0350,0.0000,0.1000,0.0000,0.1111,0.3333,0,amorphous,0,-15.727,26.0
722,11.052,0.0389,0.1111,0.0000,0.0000,0.1250,0.3333,0,amorphous,0,35.363,26.0
723,4.252,0.0437,0.0000,0.1250,0.0000,0.1429,0.3333,0,intermediate,0,-30.868,26.0
724,10.145,0.0389,0.0000,0.1111,0.0000,0.0000,0.0000,0,amorphous,0,9.034,26.0
725,6.960,0.0233,0.0000,0.0667,0.0000,0.0714,0.2000,0,amorphous,0,9.991,26.0
726,3.024,0.0350,0.0000,0.1000,0.0000,0.3333,0.5000,0,amorphous,0,-22.542,26.0
727,9.608,0.0292,0.0000,0.0833,0.0000,0.1000,0.1429,0,amorphous,0,39.496,26.0
728,6.125,0.0206,0.0000,0.0588,0.0000,0.2500,0.5844,0,amorphous,0,11.169,26.0
729,10.873,0.0000,0.0000,0.0000,0.0000,0.1111,0.3333,0,amorphous,0,29.791,26.0
730,10.486,0.0437,0.1250,0.0000,0.0000,0.2857,0.5000,0,amorphous,0,-13.834,26.0
731,6.657,0.0250,0.0000,0.0714,0.0000,0.3077,0.8000,0,amorphous,0,32.288,26.0
732,6.951,0.0250,0.0000,0.0714,0.0000,0.0769,0.2000,0,amorphous,0,10.893,26.0
733,4.154,0.0292,0.0000,0.0833,0.0000,0.0000,0.0000,0,amorphous,0,5.866,26.0
734,14.425,0.0000,0.0000,0.0000,0.0000,0.0000,0.0000,0,amorphous,0,16.186,26.0
735,7.355,0.0389,0.0000,0.1111,0.0000,0.0000,0.0000,0,amorphous,0,34.281,26.0
736,15.486,0.0000,0.0000,0.0000,0.0000,0.3333,0.4000,0,amorphous,0,19.175,26.0
737,12.611,0.0000,0.0000,0.0000,0.0000,0.0000,0.0000,0,amorphous,0,29.487,26.0
738,14.880,0.0000,0.0000,0.0000,0.0000,0.1429,0.2500,1,amorphous,0,22.322,26.0
739,5.948,0.0350,0.0000,0.1000,0.0000,0.2222,0.4000,0,amorphous,0,-18.263,26.0
740,11.784,0.0389,0.0000,0.1111,0.0000,0.0000,0.0000,0,amorphous,0,-11.342,26.0
741,7.482,0.0389,0.0000,0.1111,0.0000,0.0000,0.0000,0,amorphous,0,20.218,26.0
742,11.655,0.0350,0.0000,0.1000,0.0000,0.1111,0.1667,0,amorphous,0,-4.299,26.0
743,11.982,0.0000,0.0000,0.0000,0.0000,0.1667,0.3333,1,amorphous,0,15.637,26.0
744,7.128,0.0389,0.0000,0.1111,0.0000,0.0000,0.0000,0,amorphous,0,3.379,26.0
745,11.631,0.0000,0.0000,0.0000,0.0000,0.0000,0.0000,0,amorphous,0,11.330,26.0
746,12.002,0.0000,0.0000,0.0000,0.0000,0.4000,1.0000,1,amorphous,0,0.212,26.0
747,15.998,0.0389,0.0000,0.1111,0.0000,0.1250,0.2000,0,amorphous,0,15.582,26.0
748,11.608,0.0437,0.0000,0.1250,0.0000,0.0000,0.0000,0,amorphous,0,16.965,26.0
749,10.779,0.0000,0.0000,0.0000,0.0000,0.2222,0.4000,0,amorphous,0,-0.549,26.0
750,10.967,0.0269,0.0000,0.0769,0.0000,0.0000,0.0000,0,amorphous,0,38.378,26.0
751,13.563,0.0000,0.0000,0.0000,0.0000,0.0000,0.0000,0,amorphous,0,-7.963,26.0
752,14.290,0.0000,0.0000,0.0000,0.0000,0.1667,0.2500,1,amorphous,0,-24.107,26.0
753,13.346,0.0000,0.0000,0.0000,0.0000,0.0000,0.0000,0,amorphous,0,13.712,26.0
754,14.253,0.0437,0.0000,0.1250,0.0000,0.0000,0.0000,0,amorphous,0,21.257,26.0
755,16.619,0.0389,0.0000,0.1111,0.0000,0.1250,0.2500,1,amorphous,0,37.102,26.0
756,15.714,0.0000,0.0000,0.0000,0.0000,0.0000,0.0000,0,amorphous,0,13.057,26.0
757,14.169,0.0000,0.0000,0.0000,0.0000,0.0000,0.0000,0,amorphous,0,-11.056,26.0
758,14.938,0.0437,0.1250,0.0000,0.0000,0.1429,0.3333,0,amorphous,0,29.542,26.0
759,15.724,0.0350,0.0000,0.1000,0.0000,0.0000,0.0000,0,amorphous,0,23.552,26.0
760,13.299,0.0350,0.0000,0.1000,0.0000,0.1111,0.1429,0,amorphous,0,6.622,26.0
761,14.281,0.0389,0.0000,0.1111,0.0000,0.1250,0.3333,0,amorphous,0,-16.233,26.0
762,18.085,0.0000,0.0000,0.0000,0.0000,0.0000,0.0000,0,amorphous,0,-17.481,26.0
763,11.549,0.0318,0.0000,0.0909,0.0000,0.1000,0.2500,0,amorphous,0,9.070,26.0
764,12.618,0.0437,0.1250,0.0000,0.0000,0.0000,0.0000,0,amorphous,0,2.512,26.0
765,16.297,0.0000,0.0000,0.0000,0.0000,0.0000,0.0000,0,amorphous,0,46.196,26.0
766,13.886,0.0000,0.0000,0.0000,0.0000,0.1250,0.2500,0,amorphous,0,-3.189,26.0
767,14.744,0.0437,0.1250,0.0000,0.0000,0.1429,0.2500,0,amorphous,0,-2.562,26.0
768,21.656,0.0000,0.0000,0.0000,0.0000,0.0000,0.0000,0,intermediate,0,-25.665,26.0
769,12.241,0.0000,0.0000,0.0000,0.0000,0.0000,0.0000,0,amorphous,0,-30.887,26.0
770,17.431,0.0000,0.0000,0.0000,0.0000,0.1250,0.3333,0,amorphous,0,-18.225,26.0
771,18.798,0.0000,0.0000,0.0000,0.0000,0.0000,0.0000,0,amorphous,0,-25.057,26.0
772,19.255,0.0000,0.0000,0.0000,0.0000,0.2000,0.0000,0,amorphous,0,51.295,26.0
773,14.207,0.0269,0.0000,0.0769,0.0000,0.0000,0.0000,0,amorphous,0,40.104,26.0
774,17.125,0.0350,0.0000,0.1000,0.0000,0.0000,0.0000,0,amorphous,0,22.309,26.0
775,11.594,0.0350,0.0000,0.1000,0.0000,0.1111,0.1667,0,amorphous,0,3.762,26.0
776,16.205,0.0000,0.0000,0.0000,0.0000,0.0000,0.0000,0,amorphous,0,-12.379,26.0
777,17.957,0.0000,0.0000,0.0000,0.0000,0.0000,0.0000,0,amorphous,0,26.829,26.0
778,17.590,0.0389,0.0000,0.1111,0.0000,0.0000,0.0000,0,amorphous,0,38.519,26.0
779,17.656,0.0000,0.0000,0.0000,0.0000,0.0000,0.0000,0,amorphous,0,13.372,26.0
780,20.154,0.0000,0.0000,0.0000,0.0000,0.1250,0.3333,0,intermediate,0,16.913,26.0
781,15.534,0.0318,0.0000,0.0909,0.0000,0.0000,0.0000,0,amorphous,0,8.887,26.0
782,13.209,0.0318,0.0000,0.0909,0.0000,0.2222,0.3333,1,amorphous,0,-23.245,26.0
783,17.780,0.0000,0.0000,0.0000,0.0000,0.2500,0.0000,0,amorphous,0,-17.994,26.0
784,16.959,0.0437,0.0000,0.1250,0.0000,0.0000,0.0000,0,amorphous,0,11.306,26.0
785,15.283,0.0437,0.0000,0.1250,0.0000,0.1429,0.5000,0,amorphous,0,42.458,26.0
786,16.362,0.0000,0.0000,0.0000,0.0000,0.2222,0.4257,0,amorphous,0,-2.772,26.0
787,19.803,0.0389,0.0000,0.1111,0.0000,0.1250,0.3333,0,amorphous,0,27.041,26.0
788,15.614,0.0000,0.0000,0.0000,0.0000,0.0000,0.0000,0,amorphous,0,-35.718,26.0
789,19.841,0.0875,0.1250,0.1250,0.0000,0.1667,0.0000,0,intermediate,0,55.729,26.0
790,18.321,0.0389,0.0000,0.1111,0.0000,0.2500,0.5000,1,amorphous,0,-22.333,26.0
791,17.436,0.0000,0.0000,0.0000,0.0000,0.0000,0.0000,0,amorphous,0,-17.751,26.0
792,17.034,0.0000,0.0000,0.0000,0.0000,0.0000,0.0000,0,amorphous,0,50.964,26.0
793,17.538,0.0389,0.0000,0.1111,0.0000,0.1250,0.2500,0,amorphous,0,3.645,26.0
794,21.074,0.0000,0.0000,0.0000,0.0000,0.0000,0.0000,0,intermediate,0,-26.423,26.0
795,14.614,0.0000,0.0000,0.0000,0.0000,0.0000,0.0000,0,amorphous,0,10.531,26.0
796,20.004,0.0389,0.0000,0.1111,0.0000,0.0000,0.0000,0,intermediate,0,21.551,26.0
797,14.814,0.0437,0.0000,0.1250,0.0000,0.0000,0.0000,0,amorphous,0,10.178,26.0
798,18.035,0.0437,0.1250,0.0000,0.0000,0.0000,0.0000,0,amorphous,0,3.525,26.0
799,21.585,0.0000,0.0000,0.0000,0.0000,0.2000,0.5000,0,intermediate,0,45.234,26.0
800,20.626,0.0000,0.0000,0.0000,0.0000,0.0000,0.0000,0,intermediate,0,34.154,26.0
801,21.700,0.0389,0.1111,0.0000,0.0000,0.0000,0.0000,0,intermediate,0,16.975,26.0
802,18.939,0.0000,0.0000,0.0000,0.0000,0.1667,0.3333,0,amorphous,0,30.485,26.0
803,18.412,0.0000,0.0000,0.0000,0.0000,0.0000,0.0000,0,amorphous,0,5.032,26.0
804,11.986,0.0350,0.0000,0.1000,0.0000,0.3333,0.7500,0,amorphous,0,-35.444,26.0
805,19.473,0.0318,0.0000,0.0909,0.0000,0.2000,0.3333,0,amorphous,0,-19.883,26.0
806,20.516,0.0000,0.0000,0.0000,0.0000,0.0000,0.0000,0,intermediate,0,-37.642,26.0
807,18.546,0.0000,0.0000,0.0000,0.0000,0.1667,0.0000,0,amorphous,0,-26.469,26.0
808,17.938,0.0437,0.0000,0.1250,0.0000,0.0000,0.0000,0,amorphous,0,37.149,26.0
809,18.202,0.0000,0.0000,0.0000,0.0000,0.0000,0.0000,0,amorphous,0,29.774,26.0
810,21.547,0.0000,0.0000,0.0000,0.0000,0.2000,0.5000,0,intermediate,0,47.345,26.0
811,18.159,0.0269,0.0000,0.0769,0.0000,0.1818,0.3333,0,amorphous,0,47.560,26.0
812,19.949,0.0389,0.0000,0.1111,0.0000,0.1250,0.2500,0,amorphous,0,-2.937,26.0
813,20.034,0.0000,0.0000,0.0000,0.0000,0.1667,0.2500,1,intermediate,0,17.781,26.0
814,16.632,0.0350,0.0000,0.1000,0.0000,0.2222,0.6400,0,amorphous,0,29.497,26.0
815,20.699,0.0000,0.0000,0.0000,0.0000,0.0000,0.0000,0,intermediate,0,1.719,26.0
816,20.157,0.0000,0.0000,0.0000,0.0000,0.2000,0.5000,0,intermediate,0,-23.998,26.0
817,19.301,0.0000,0.0000,0.0000,0.0000,0.0000,0.0000,0,amorphous,0,37.883,26.0
818,19.164,0.0000,0.0000,0.0000,0.0000,0.4000,0.5000,1,amorphous,0,-29.411,26.0
819,20.981,0.0000,0.0000,0.0000,0.0000,0.3333,0.5000,0,intermediate,0,-35.583,26.0
820,23.177,0.0000,0.0000,0.0000,0.0000,0.3333,0.0000,0,intermediate,0,-36.498,26.0
821,21.299,0.0350,0.0000,0.1000,0.0000,0.0000,0.0000,0,intermediate,0,-4.923,26.0
822,20.624,0.0437,0.0000,0.1250,0.0000,0.1429,0.3333,0,intermediate,0,38.310,26.0
823,21.454,0.0000,0.0000,0.0000,0.0000,0.0000,0.0000,0,intermediate,0,-7.311,26.0
824,18.527,0.0000,0.0000,0.0000,0.0000,0.0000,0.0000,0,amorphous,0,33.970,26.0
825,19.529,0.0000,0.0000,0.0000,0.0000,0.0000,0.0000,0,amorphous,0,-8.397,26.0
826,19.824,0.0000,0.0000,0.0000,0.0000,0.0000,0.0000,0,amorphous,0,12.420,26.0
827,15.229,0.0000,0.0000,0.0000,0.0000,0.3333,0.0000,0,amorphous,0,-27.193,26.0
828,15.934,0.0437,0.0000,0.1250,0.0000,0.1429,0.5000,0,amorphous,0,-21.523,26.0
829,17.636,0.0000,0.0000,0.0000,0.0000,0.0000,0.0000,0,amorphous,0,12.621,26.0
830,18.097,0.0000,0.0000,0.0000,0.0000,0.0000,0.0000,0,amorphous,0,-43.673,26.0
831,18.986,0.0000,0.0000,0.0000,0.0000,0.0000,0.0000,0,amorphous,0,-39.272,26.0
832,18.280,0.0000,0.0000,0.0000,0.0000,0.2000,0.3333,1,amorphous,0,28.699,26.0
833,18.180,0.0389,0.0000,0.1111,0.0000,0.0000,0.0000,0,amorphous,0,26.192,26.0
834,20.868,0.0000,0.0000,0.0000,0.0000,0.3333,0.5000,0,intermediate,0,-34.394,26.0
835,22.803,0.0875,0.1250,0.1250,0.0000,0.1429,0.2500,1,intermediate,0,19.498,26.0
836,17.526,0.0000,0.0000,0.0000,0.0000,0.0000,0.0000,0,amorphous,0,5.525,26.0
837,18.790,0.0000,0.0000,0.0000,0.0000,0.0000,0.0000,0,amorphous,0,15.117,26.0
838,21.887,0.0000,0.0000,0.0000,0.0000,0.0000,0.0000,0,intermediate,0,59.643,26.0
839,20.716,0.0000,0.0000,0.0000,0.0000,0.2000,0.5000,0,intermediate,0,4.439,26.0
840,18.869,0.0350,0.0000,0.1000,0.0000,0.3333,0.4286,1,amorphous,0,-8.004,26.0
841,21.747,0.0000,0.0000,0.0000,0.0000,0.0000,0.0000,0,intermediate,0,-11.387,26.0
842,21.387,0.0318,0.0000,0.0909,0.0000,0.1000,0.3333,0,intermediate,0,8.704,26.0
843,18.760,0.0000,0.0000,0.0000,0.0000,0.0000,0.0000,0,amorphous,0,-44.098,26.0
844,22.473,0.0000,0.0000,0.0000,0.0000,0.5000,0.6667,0,intermediate,0,36.163,26.0
845,19.488,0.0000,0.0000,0.0000,0.0000,0.0000,0.0000,0,amorphous,0,-4.741,26.0
846,22.604,0.0000,0.0000,0.0000,0.0000,0.0000,0.0000,0,intermediate,0,54.658,26.0
847,18.758,0.0389,0.0000,0.1111,0.0000,0.1250,0.2000,1,amorphous,0,-25.681,26.0
848,21.988,0.0875,0.1250,0.1250,0.0000,0.1429,0.2500,0,intermediate,0,-16.563,26.0
